--
-- PostgreSQL database dump
--

-- Dumped from database version 13.3 (Debian 13.3-1.pgdg100+1)
-- Dumped by pg_dump version 13.3 (Debian 13.3-1.pgdg100+1)

SET statement_timeout = 0;
SET lock_timeout = 0;
SET idle_in_transaction_session_timeout = 0;
SET client_encoding = 'UTF8';
SET standard_conforming_strings = on;
SELECT pg_catalog.set_config('search_path', '', false);
SET check_function_bodies = false;
SET xmloption = content;
SET client_min_messages = warning;
SET row_security = off;

--
-- Name: pgcrypto; Type: EXTENSION; Schema: -; Owner: -
--

CREATE EXTENSION IF NOT EXISTS pgcrypto WITH SCHEMA public;


--
-- Name: EXTENSION pgcrypto; Type: COMMENT; Schema: -; Owner: 
--

COMMENT ON EXTENSION pgcrypto IS 'cryptographic functions';


SET default_tablespace = '';

SET default_table_access_method = heap;

--
-- Name: apptool; Type: TABLE; Schema: public; Owner: dockstore
--

CREATE TABLE public.apptool (
    id bigint NOT NULL,
    author character varying(255),
    conceptdoi character varying(255),
    dbcreatedate timestamp without time zone NOT NULL,
    dbupdatedate timestamp without time zone NOT NULL,
    description text,
    email character varying(255),
    giturl character varying(255),
    ispublished boolean,
    lastmodified timestamp without time zone,
    lastupdated timestamp without time zone,
    licensename character varying(255),
    topicid bigint,
    checkerid bigint,
    descriptortype character varying(255) NOT NULL,
    descriptortypesubclass character varying(255) DEFAULT 'n/a'::character varying NOT NULL,
    forumurl character varying(256),
    mode text DEFAULT 'STUB'::text NOT NULL,
    organization character varying(255) NOT NULL,
    repository character varying(255) NOT NULL,
    sourcecontrol text NOT NULL,
    workflowname text,
    actualdefaultversion bigint,
    topic character varying(255)
);


ALTER TABLE public.apptool OWNER TO dockstore;

--
-- Name: author; Type: TABLE; Schema: public; Owner: dockstore
--

CREATE TABLE public.author (
    id bigint NOT NULL,
    affiliation character varying(255),
    dbcreatedate timestamp without time zone,
    dbupdatedate timestamp without time zone,
    email character varying(255),
    name character varying(255) NOT NULL,
    role character varying(255),
    versionid bigint NOT NULL
);


ALTER TABLE public.author OWNER TO dockstore;

--
-- Name: author_id_seq; Type: SEQUENCE; Schema: public; Owner: dockstore
--

ALTER TABLE public.author ALTER COLUMN id ADD GENERATED BY DEFAULT AS IDENTITY (
    SEQUENCE NAME public.author_id_seq
    START WITH 1
    INCREMENT BY 1
    NO MINVALUE
    NO MAXVALUE
    CACHE 1
);


--
-- Name: cloud_instance; Type: TABLE; Schema: public; Owner: dockstore
--

CREATE TABLE public.cloud_instance (
    id bigint NOT NULL,
    partner character varying(255) NOT NULL,
    supports_file_imports boolean,
    supports_http_imports boolean,
    url character varying(255) NOT NULL,
    user_id bigint,
    dbcreatedate timestamp without time zone,
    dbupdatedate timestamp without time zone,
    display_name character varying(255) NOT NULL
);


ALTER TABLE public.cloud_instance OWNER TO dockstore;

--
-- Name: cloud_instance_id_seq; Type: SEQUENCE; Schema: public; Owner: dockstore
--

ALTER TABLE public.cloud_instance ALTER COLUMN id ADD GENERATED BY DEFAULT AS IDENTITY (
    SEQUENCE NAME public.cloud_instance_id_seq
    START WITH 1
    INCREMENT BY 1
    NO MINVALUE
    NO MAXVALUE
    CACHE 1
);


--
-- Name: cloudinstance_supportedlanguages; Type: TABLE; Schema: public; Owner: dockstore
--

CREATE TABLE public.cloudinstance_supportedlanguages (
    cloudinstance_id bigint NOT NULL,
    language character varying(50) NOT NULL,
    version character varying(50),
    dbcreatedate timestamp without time zone,
    dbupdatedate timestamp without time zone
);


ALTER TABLE public.cloudinstance_supportedlanguages OWNER TO dockstore;

--
-- Name: collection_id_seq; Type: SEQUENCE; Schema: public; Owner: dockstore
--

CREATE SEQUENCE public.collection_id_seq
    START WITH 1
    INCREMENT BY 1
    NO MINVALUE
    NO MAXVALUE
    CACHE 1;


ALTER TABLE public.collection_id_seq OWNER TO dockstore;

--
-- Name: collection; Type: TABLE; Schema: public; Owner: dockstore
--

CREATE TABLE public.collection (
    id bigint DEFAULT nextval('public.collection_id_seq'::regclass) NOT NULL,
    dbcreatedate timestamp without time zone,
    dbupdatedate timestamp without time zone,
    description text,
    name character varying(39) NOT NULL,
    organizationid bigint,
    displayname character varying(50) NOT NULL,
    topic character varying(255),
    deleted boolean,
    dtype character varying(31) NOT NULL
);


ALTER TABLE public.collection OWNER TO dockstore;

--
-- Name: collection_alias; Type: TABLE; Schema: public; Owner: dockstore
--

CREATE TABLE public.collection_alias (
    id bigint NOT NULL,
    content text,
    dbcreatedate timestamp without time zone,
    dbupdatedate timestamp without time zone,
    alias text NOT NULL
);


ALTER TABLE public.collection_alias OWNER TO dockstore;

--
-- Name: collection_entry_version; Type: TABLE; Schema: public; Owner: dockstore
--

CREATE TABLE public.collection_entry_version (
    id integer NOT NULL,
    entry_id bigint NOT NULL,
    version_id bigint,
    collection_id bigint NOT NULL,
    dbcreatedate timestamp without time zone,
    dbupdatedate timestamp without time zone
);


ALTER TABLE public.collection_entry_version OWNER TO dockstore;

--
-- Name: collection_entry_version_id_seq; Type: SEQUENCE; Schema: public; Owner: dockstore
--

ALTER TABLE public.collection_entry_version ALTER COLUMN id ADD GENERATED BY DEFAULT AS IDENTITY (
    SEQUENCE NAME public.collection_entry_version_id_seq
    START WITH 1
    INCREMENT BY 1
    NO MINVALUE
    NO MAXVALUE
    CACHE 1
);


--
-- Name: container_id_seq; Type: SEQUENCE; Schema: public; Owner: dockstore
--

CREATE SEQUENCE public.container_id_seq
    START WITH 1
    INCREMENT BY 1
    NO MINVALUE
    NO MAXVALUE
    CACHE 1;


ALTER TABLE public.container_id_seq OWNER TO dockstore;

--
-- Name: databasechangelog; Type: TABLE; Schema: public; Owner: dockstore
--

CREATE TABLE public.databasechangelog (
    id character varying(255) NOT NULL,
    author character varying(255) NOT NULL,
    filename character varying(255) NOT NULL,
    dateexecuted timestamp without time zone NOT NULL,
    orderexecuted integer NOT NULL,
    exectype character varying(10) NOT NULL,
    md5sum character varying(35),
    description character varying(255),
    comments character varying(255),
    tag character varying(255),
    liquibase character varying(20),
    contexts character varying(255),
    labels character varying(255),
    deployment_id character varying(10)
);


ALTER TABLE public.databasechangelog OWNER TO dockstore;

--
-- Name: databasechangeloglock; Type: TABLE; Schema: public; Owner: dockstore
--

CREATE TABLE public.databasechangeloglock (
    id integer NOT NULL,
    locked boolean NOT NULL,
    lockgranted timestamp without time zone,
    lockedby character varying(255)
);


ALTER TABLE public.databasechangeloglock OWNER TO dockstore;

--
-- Name: deletedusername; Type: TABLE; Schema: public; Owner: dockstore
--

CREATE TABLE public.deletedusername (
    id bigint NOT NULL,
    dbcreatedate timestamp without time zone,
    dbupdatedate timestamp without time zone,
    username character varying(255) NOT NULL
);


ALTER TABLE public.deletedusername OWNER TO dockstore;

--
-- Name: deletedusername_id_seq; Type: SEQUENCE; Schema: public; Owner: dockstore
--

ALTER TABLE public.deletedusername ALTER COLUMN id ADD GENERATED BY DEFAULT AS IDENTITY (
    SEQUENCE NAME public.deletedusername_id_seq
    START WITH 1
    INCREMENT BY 1
    NO MINVALUE
    NO MAXVALUE
    CACHE 1
);


--
-- Name: enduser; Type: TABLE; Schema: public; Owner: dockstore
--

CREATE TABLE public.enduser (
    id bigint NOT NULL,
    avatarurl text,
    isadmin boolean,
    username character varying(255) NOT NULL,
    dbcreatedate timestamp without time zone,
    dbupdatedate timestamp without time zone,
    curator boolean DEFAULT false,
    setupcomplete boolean DEFAULT false,
    hostedentrycountlimit integer,
    hostedentryversionslimit integer,
    isbanned boolean DEFAULT false,
    privacypolicyversion text DEFAULT 'NONE'::text,
    tosversion text DEFAULT 'NONE'::text,
    privacypolicyversionacceptancedate timestamp without time zone,
    tosversionacceptancedate timestamp without time zone,
    orcid character varying(255),
    usernamechangerequired boolean DEFAULT false NOT NULL
);


ALTER TABLE public.enduser OWNER TO dockstore;

--
-- Name: enduser_id_seq; Type: SEQUENCE; Schema: public; Owner: dockstore
--

CREATE SEQUENCE public.enduser_id_seq
    START WITH 1
    INCREMENT BY 1
    NO MINVALUE
    NO MAXVALUE
    CACHE 1;


ALTER TABLE public.enduser_id_seq OWNER TO dockstore;

--
-- Name: enduser_id_seq; Type: SEQUENCE OWNED BY; Schema: public; Owner: dockstore
--

ALTER SEQUENCE public.enduser_id_seq OWNED BY public.enduser.id;


--
-- Name: entry_alias; Type: TABLE; Schema: public; Owner: dockstore
--

CREATE TABLE public.entry_alias (
    id bigint NOT NULL,
    content text,
    alias text NOT NULL,
    dbcreatedate timestamp without time zone,
    dbupdatedate timestamp without time zone
);


ALTER TABLE public.entry_alias OWNER TO dockstore;

--
-- Name: entry_blacklistedversionnames; Type: TABLE; Schema: public; Owner: dockstore
--

CREATE TABLE public.entry_blacklistedversionnames (
    entry_id bigint NOT NULL,
    blacklistedversionnames text
);


ALTER TABLE public.entry_blacklistedversionnames OWNER TO dockstore;

--
-- Name: entry_defaultpaths; Type: TABLE; Schema: public; Owner: dockstore
--

CREATE TABLE public.entry_defaultpaths (
    entry_id bigint NOT NULL,
    path text NOT NULL,
    filetype character varying(255) NOT NULL
);


ALTER TABLE public.entry_defaultpaths OWNER TO dockstore;

--
-- Name: entry_input_fileformat; Type: TABLE; Schema: public; Owner: dockstore
--

CREATE TABLE public.entry_input_fileformat (
    entryid bigint NOT NULL,
    fileformatid bigint NOT NULL
);


ALTER TABLE public.entry_input_fileformat OWNER TO dockstore;

--
-- Name: entry_label; Type: TABLE; Schema: public; Owner: dockstore
--

CREATE TABLE public.entry_label (
    entryid bigint NOT NULL,
    labelid bigint NOT NULL
);


ALTER TABLE public.entry_label OWNER TO dockstore;

--
-- Name: entry_orcidputcode; Type: TABLE; Schema: public; Owner: dockstore
--

CREATE TABLE public.entry_orcidputcode (
    entry_id bigint NOT NULL,
    dbcreatedate timestamp without time zone,
    dbupdatedate timestamp without time zone,
    orcidputcode text,
    userid bigint NOT NULL
);


ALTER TABLE public.entry_orcidputcode OWNER TO dockstore;

--
-- Name: entry_output_fileformat; Type: TABLE; Schema: public; Owner: dockstore
--

CREATE TABLE public.entry_output_fileformat (
    entryid bigint NOT NULL,
    fileformatid bigint NOT NULL
);


ALTER TABLE public.entry_output_fileformat OWNER TO dockstore;

--
-- Name: entry_version_image; Type: TABLE; Schema: public; Owner: dockstore
--

CREATE TABLE public.entry_version_image (
    versionid bigint NOT NULL,
    imageid bigint NOT NULL
);


ALTER TABLE public.entry_version_image OWNER TO dockstore;

--
-- Name: event_id_seq; Type: SEQUENCE; Schema: public; Owner: dockstore
--

CREATE SEQUENCE public.event_id_seq
    START WITH 1
    INCREMENT BY 1
    NO MINVALUE
    NO MAXVALUE
    CACHE 1;


ALTER TABLE public.event_id_seq OWNER TO dockstore;

--
-- Name: event; Type: TABLE; Schema: public; Owner: dockstore
--

CREATE TABLE public.event (
    id bigint DEFAULT nextval('public.event_id_seq'::regclass) NOT NULL,
    dbcreatedate timestamp without time zone,
    dbupdatedate timestamp without time zone,
    type character varying(255),
    initiatoruserid bigint,
    organizationid bigint,
    toolid bigint,
    userid bigint,
    workflowid bigint,
    collectionid bigint,
    versionid bigint
);


ALTER TABLE public.event OWNER TO dockstore;

--
-- Name: fileformat; Type: TABLE; Schema: public; Owner: dockstore
--

CREATE TABLE public.fileformat (
    id bigint NOT NULL,
    value text,
    dbcreatedate timestamp without time zone,
    dbupdatedate timestamp without time zone
);


ALTER TABLE public.fileformat OWNER TO dockstore;

--
-- Name: fileformat_id_seq; Type: SEQUENCE; Schema: public; Owner: dockstore
--

CREATE SEQUENCE public.fileformat_id_seq
    START WITH 1
    INCREMENT BY 1
    NO MINVALUE
    NO MAXVALUE
    CACHE 1;


ALTER TABLE public.fileformat_id_seq OWNER TO dockstore;

--
-- Name: fileformat_id_seq; Type: SEQUENCE OWNED BY; Schema: public; Owner: dockstore
--

ALTER SEQUENCE public.fileformat_id_seq OWNED BY public.fileformat.id;


--
-- Name: image; Type: TABLE; Schema: public; Owner: dockstore
--

CREATE TABLE public.image (
    id bigint DEFAULT nextval('public.event_id_seq'::regclass) NOT NULL,
    checksums character varying,
    dbcreatedate timestamp without time zone,
    dbupdatedate timestamp without time zone,
    image_id character varying(255),
    repository character varying(255),
    tag character varying(255),
    imageregistry character varying(255),
    architecture character varying(255),
    os character varying(255),
    imageupdatedate character varying(255),
    size bigint,
    specifier character varying(255)
);


ALTER TABLE public.image OWNER TO dockstore;

--
-- Name: image_id_seq; Type: SEQUENCE; Schema: public; Owner: dockstore
--

CREATE SEQUENCE public.image_id_seq
    START WITH 1
    INCREMENT BY 1
    NO MINVALUE
    NO MAXVALUE
    CACHE 1;


ALTER TABLE public.image_id_seq OWNER TO dockstore;

--
-- Name: label; Type: TABLE; Schema: public; Owner: dockstore
--

CREATE TABLE public.label (
    id bigint NOT NULL,
    value character varying(255),
    dbcreatedate timestamp without time zone,
    dbupdatedate timestamp without time zone
);


ALTER TABLE public.label OWNER TO dockstore;

--
-- Name: label_id_seq; Type: SEQUENCE; Schema: public; Owner: dockstore
--

CREATE SEQUENCE public.label_id_seq
    START WITH 1
    INCREMENT BY 1
    NO MINVALUE
    NO MAXVALUE
    CACHE 1;


ALTER TABLE public.label_id_seq OWNER TO dockstore;

--
-- Name: label_id_seq; Type: SEQUENCE OWNED BY; Schema: public; Owner: dockstore
--

ALTER SEQUENCE public.label_id_seq OWNED BY public.label.id;


--
-- Name: lambdaevent_id_seq; Type: SEQUENCE; Schema: public; Owner: dockstore
--

CREATE SEQUENCE public.lambdaevent_id_seq
    START WITH 1
    INCREMENT BY 1
    NO MINVALUE
    NO MAXVALUE
    CACHE 1;


ALTER TABLE public.lambdaevent_id_seq OWNER TO dockstore;

--
-- Name: lambdaevent; Type: TABLE; Schema: public; Owner: dockstore
--

CREATE TABLE public.lambdaevent (
    id bigint DEFAULT nextval('public.lambdaevent_id_seq'::regclass) NOT NULL,
    dbcreatedate timestamp without time zone,
    dbupdatedate timestamp without time zone,
    message text,
    reference text,
    repository text,
    success boolean DEFAULT true NOT NULL,
    type character varying(255),
    githubusername text,
    userid bigint,
    organization text
);


ALTER TABLE public.lambdaevent OWNER TO dockstore;

--
-- Name: notification_id_seq; Type: SEQUENCE; Schema: public; Owner: dockstore
--

CREATE SEQUENCE public.notification_id_seq
    START WITH 1
    INCREMENT BY 1
    NO MINVALUE
    NO MAXVALUE
    CACHE 1;


ALTER TABLE public.notification_id_seq OWNER TO dockstore;

--
-- Name: notification; Type: TABLE; Schema: public; Owner: dockstore
--

CREATE TABLE public.notification (
    id bigint DEFAULT nextval('public.notification_id_seq'::regclass) NOT NULL,
    message character varying(1024),
    expiration timestamp without time zone,
    priority character varying(255),
    type character varying(255),
    dbcreatedate timestamp without time zone,
    dbupdatedate timestamp without time zone
);


ALTER TABLE public.notification OWNER TO dockstore;

--
-- Name: orcidauthor; Type: TABLE; Schema: public; Owner: dockstore
--

CREATE TABLE public.orcidauthor (
    id bigint NOT NULL,
    dbcreatedate timestamp without time zone,
    dbupdatedate timestamp without time zone,
    orcid character varying(50) NOT NULL
);


ALTER TABLE public.orcidauthor OWNER TO dockstore;

--
-- Name: orcidauthor_id_seq; Type: SEQUENCE; Schema: public; Owner: dockstore
--

ALTER TABLE public.orcidauthor ALTER COLUMN id ADD GENERATED BY DEFAULT AS IDENTITY (
    SEQUENCE NAME public.orcidauthor_id_seq
    START WITH 1
    INCREMENT BY 1
    NO MINVALUE
    NO MAXVALUE
    CACHE 1
);


--
-- Name: organization_id_seq; Type: SEQUENCE; Schema: public; Owner: dockstore
--

CREATE SEQUENCE public.organization_id_seq
    START WITH 1
    INCREMENT BY 1
    NO MINVALUE
    NO MAXVALUE
    CACHE 1;


ALTER TABLE public.organization_id_seq OWNER TO dockstore;

--
-- Name: organization; Type: TABLE; Schema: public; Owner: dockstore
--

CREATE TABLE public.organization (
    id bigint DEFAULT nextval('public.organization_id_seq'::regclass) NOT NULL,
    dbcreatedate timestamp without time zone,
    dbupdatedate timestamp without time zone,
    description text,
    email character varying(255),
    link character varying(255),
    location character varying(255),
    name character varying(39) NOT NULL,
    topic character varying(255),
    status text DEFAULT 'PENDING'::text NOT NULL,
    avatarurl character varying(255),
    displayname character varying(50) NOT NULL,
    categorizer boolean DEFAULT false NOT NULL
);


ALTER TABLE public.organization OWNER TO dockstore;

--
-- Name: organization_alias; Type: TABLE; Schema: public; Owner: dockstore
--

CREATE TABLE public.organization_alias (
    id bigint NOT NULL,
    content text,
    dbcreatedate timestamp without time zone,
    dbupdatedate timestamp without time zone,
    alias text NOT NULL
);


ALTER TABLE public.organization_alias OWNER TO dockstore;

--
-- Name: organization_user; Type: TABLE; Schema: public; Owner: dockstore
--

CREATE TABLE public.organization_user (
    organizationid bigint NOT NULL,
    userid bigint NOT NULL,
    accepted boolean NOT NULL,
    dbcreatedate timestamp without time zone,
    dbupdatedate timestamp without time zone,
    role character varying(255)
);


ALTER TABLE public.organization_user OWNER TO dockstore;

--
-- Name: parsed_information; Type: TABLE; Schema: public; Owner: dockstore
--

CREATE TABLE public.parsed_information (
    version_metadata_id bigint NOT NULL,
    descriptorlanguage character varying(255),
    hashttpimports boolean NOT NULL,
    haslocalimports boolean NOT NULL,
    dbcreatedate timestamp without time zone,
    dbupdatedate timestamp without time zone
);


ALTER TABLE public.parsed_information OWNER TO dockstore;

--
-- Name: service; Type: TABLE; Schema: public; Owner: dockstore
--

CREATE TABLE public.service (
    id bigint NOT NULL,
    author character varying(255),
    dbcreatedate timestamp without time zone NOT NULL,
    dbupdatedate timestamp without time zone NOT NULL,
    description text,
    email character varying(255),
    giturl character varying(255),
    ispublished boolean,
    lastmodified timestamp without time zone,
    lastupdated timestamp without time zone,
    topicid bigint,
    checkerid bigint,
    descriptortype character varying(255) NOT NULL,
    mode text DEFAULT 'STUB'::text NOT NULL,
    organization character varying(255) NOT NULL,
    repository character varying(255) NOT NULL,
    sourcecontrol text NOT NULL,
    workflowname text,
    conceptdoi character varying(255),
    descriptortypesubclass character varying(255) DEFAULT 'n/a'::character varying NOT NULL,
    actualdefaultversion bigint,
    licensename character varying(255),
    forumurl character varying(256),
    topic character varying(255)
);


ALTER TABLE public.service OWNER TO dockstore;

--
-- Name: sourcefile; Type: TABLE; Schema: public; Owner: dockstore
--

CREATE TABLE public.sourcefile (
    id bigint NOT NULL,
    content text,
    path text NOT NULL,
    type character varying(255),
    dbcreatedate timestamp without time zone,
    dbupdatedate timestamp without time zone,
    absolutepath text NOT NULL,
    frozen boolean DEFAULT false,
    sha256 text GENERATED ALWAYS AS (public.digest(content, 'sha256'::text)) STORED,
    CONSTRAINT absolutepath_check CHECK (((absolutepath ~~ '/%'::text) OR (absolutepath = ''::text)))
);

ALTER TABLE ONLY public.sourcefile FORCE ROW LEVEL SECURITY;


ALTER TABLE public.sourcefile OWNER TO dockstore;

--
-- Name: sourcefile_id_seq; Type: SEQUENCE; Schema: public; Owner: dockstore
--

CREATE SEQUENCE public.sourcefile_id_seq
    START WITH 1
    INCREMENT BY 1
    NO MINVALUE
    NO MAXVALUE
    CACHE 1;


ALTER TABLE public.sourcefile_id_seq OWNER TO dockstore;

--
-- Name: sourcefile_id_seq; Type: SEQUENCE OWNED BY; Schema: public; Owner: dockstore
--

ALTER SEQUENCE public.sourcefile_id_seq OWNED BY public.sourcefile.id;


--
-- Name: sourcefile_verified; Type: TABLE; Schema: public; Owner: dockstore
--

CREATE TABLE public.sourcefile_verified (
    id bigint NOT NULL,
    metadata text,
    verified boolean NOT NULL,
    source text NOT NULL,
    dbcreatedate timestamp without time zone,
    dbupdatedate timestamp without time zone,
    platformversion text
);


ALTER TABLE public.sourcefile_verified OWNER TO dockstore;

--
-- Name: COLUMN sourcefile_verified.platformversion; Type: COMMENT; Schema: public; Owner: dockstore
--

COMMENT ON COLUMN public.sourcefile_verified.platformversion IS 'By default set to null';


--
-- Name: starred; Type: TABLE; Schema: public; Owner: dockstore
--

CREATE TABLE public.starred (
    userid bigint NOT NULL,
    entryid bigint NOT NULL
);


ALTER TABLE public.starred OWNER TO dockstore;

--
-- Name: starred_organizations; Type: TABLE; Schema: public; Owner: dockstore
--

CREATE TABLE public.starred_organizations (
    userid bigint NOT NULL,
    organizationid bigint NOT NULL
);


ALTER TABLE public.starred_organizations OWNER TO dockstore;

--
-- Name: tag; Type: TABLE; Schema: public; Owner: dockstore
--

CREATE TABLE public.tag (
    id bigint NOT NULL,
    dirtybit boolean DEFAULT false,
    lastbuilt timestamp without time zone,
    name character varying(255),
    reference character varying(255),
    valid boolean,
    automated boolean,
    cwlpath text NOT NULL,
    dockerfilepath text NOT NULL,
    imageid character varying(255),
    size bigint,
    wdlpath text DEFAULT '/Dockstore.wdl'::text NOT NULL,
    dbcreatedate timestamp without time zone NOT NULL,
    dbupdatedate timestamp without time zone NOT NULL,
    referencetype text DEFAULT 'UNSET'::text NOT NULL,
    versioneditor_id bigint,
    commitid text,
    frozen boolean DEFAULT false,
    parentid bigint NOT NULL
);

ALTER TABLE ONLY public.tag FORCE ROW LEVEL SECURITY;


ALTER TABLE public.tag OWNER TO dockstore;

--
-- Name: COLUMN tag.lastbuilt; Type: COMMENT; Schema: public; Owner: dockstore
--

COMMENT ON COLUMN public.tag.lastbuilt IS 'For automated builds: The last time the container backing this tool version was built. For hosted: N/A';


--
-- Name: COLUMN tag.dbcreatedate; Type: COMMENT; Schema: public; Owner: dockstore
--

COMMENT ON COLUMN public.tag.dbcreatedate IS 'For automated builds and hosted/manual path: Time registered on Dockstore, either by refresh or manual register. Can be blank as this column was added in 2018.';


--
-- Name: COLUMN tag.dbupdatedate; Type: COMMENT; Schema: public; Owner: dockstore
--

COMMENT ON COLUMN public.tag.dbupdatedate IS 'For automated builds and hosted/manual path: Time created or last time version tab was edited (under actions in version tab). Basically anytime db entry modified';


--
-- Name: tag_id_seq; Type: SEQUENCE; Schema: public; Owner: dockstore
--

CREATE SEQUENCE public.tag_id_seq
    START WITH 1
    INCREMENT BY 1
    NO MINVALUE
    NO MAXVALUE
    CACHE 1;


ALTER TABLE public.tag_id_seq OWNER TO dockstore;

--
-- Name: token; Type: TABLE; Schema: public; Owner: dockstore
--

CREATE TABLE public.token (
    id bigint NOT NULL,
    content character varying(255) NOT NULL,
    refreshtoken character varying(255),
    tokensource character varying(255) NOT NULL,
    userid bigint,
    username character varying(255) NOT NULL,
    dbcreatedate timestamp without time zone,
    dbupdatedate timestamp without time zone,
    expirationtime bigint,
    scope character varying(255),
    onlineprofileid character varying(255)
);


ALTER TABLE public.token OWNER TO dockstore;

--
-- Name: token_id_seq; Type: SEQUENCE; Schema: public; Owner: dockstore
--

CREATE SEQUENCE public.token_id_seq
    START WITH 1
    INCREMENT BY 1
    NO MINVALUE
    NO MAXVALUE
    CACHE 1;


ALTER TABLE public.token_id_seq OWNER TO dockstore;

--
-- Name: token_id_seq; Type: SEQUENCE OWNED BY; Schema: public; Owner: dockstore
--

ALTER SEQUENCE public.token_id_seq OWNED BY public.token.id;


--
-- Name: tool; Type: TABLE; Schema: public; Owner: dockstore
--

CREATE TABLE public.tool (
    id bigint NOT NULL,
    author character varying(255),
    description text,
    email character varying(255),
    giturl character varying(255),
    ispublished boolean,
    lastmodified timestamp without time zone,
    lastupdated timestamp without time zone,
    lastbuild timestamp without time zone,
    mode text DEFAULT 'AUTO_DETECT_QUAY_TAGS_AUTOMATED_BUILDS'::text NOT NULL,
    name character varying(255) NOT NULL,
    namespace character varying(255),
    privateaccess boolean DEFAULT false,
    registry character varying(255) NOT NULL,
    toolmaintaineremail character varying(255),
    toolname text,
    checkerid bigint,
    dbcreatedate timestamp without time zone NOT NULL,
    dbupdatedate timestamp without time zone NOT NULL,
    topicid bigint,
    conceptdoi character varying(255),
    actualdefaultversion bigint,
    descriptortype character varying DEFAULT ''::character varying NOT NULL,
    licensename character varying(255),
    forumurl character varying(256),
    topic character varying(255),
    CONSTRAINT tool_toolname_check CHECK ((toolname !~~ '\_%'::text)),
    CONSTRAINT tool_toolname_notempty CHECK ((toolname <> ''::text))
);


ALTER TABLE public.tool OWNER TO dockstore;

--
-- Name: COLUMN tool.lastmodified; Type: COMMENT; Schema: public; Owner: dockstore
--

COMMENT ON COLUMN public.tool.lastmodified IS 'For automated builds: N/A. For hosted: Last time a file was updated (new version created)';


--
-- Name: COLUMN tool.lastupdated; Type: COMMENT; Schema: public; Owner: dockstore
--

COMMENT ON COLUMN public.tool.lastupdated IS 'For automated builds: last time tool/namespace was refreshed Dockstore, tool info updated, default version selected. For hosted tools: when you created the tool';


--
-- Name: COLUMN tool.lastbuild; Type: COMMENT; Schema: public; Owner: dockstore
--

COMMENT ON COLUMN public.tool.lastbuild IS 'For automated builds: When refresh is hit, the last time the tool was built gets stored here. If tool was never built on quay.io, then last build will be null. N/A for hosted/manual path tools';


--
-- Name: COLUMN tool.dbcreatedate; Type: COMMENT; Schema: public; Owner: dockstore
--

COMMENT ON COLUMN public.tool.dbcreatedate IS 'For automated builds and hosted: Time registered on Dockstore, either by refresh or manual register. Can be blank as this column was added in 2018.';


--
-- Name: COLUMN tool.dbupdatedate; Type: COMMENT; Schema: public; Owner: dockstore
--

COMMENT ON COLUMN public.tool.dbupdatedate IS 'For automated builds: Last time tool/namespace was refreshed, different version is selected, checker workflow was added, or tool info updated (like path information). For hosted: Last time a file was updated (new version created), default version selected. Can be blank as this column was added in 2018. Basically anytime db entry modified';


--
-- Name: user_entry; Type: TABLE; Schema: public; Owner: dockstore
--

CREATE TABLE public.user_entry (
    userid bigint NOT NULL,
    entryid bigint NOT NULL
);


ALTER TABLE public.user_entry OWNER TO dockstore;

--
-- Name: user_profile; Type: TABLE; Schema: public; Owner: dockstore
--

CREATE TABLE public.user_profile (
    id bigint NOT NULL,
    avatarurl text,
    bio text,
    company text,
    email text,
    location text,
    name text,
    token_type text NOT NULL,
    dbcreatedate timestamp without time zone,
    dbupdatedate timestamp without time zone,
    username text,
    onlineprofileid character varying(255)
);


ALTER TABLE public.user_profile OWNER TO dockstore;

--
-- Name: validation_id_seq; Type: SEQUENCE; Schema: public; Owner: dockstore
--

CREATE SEQUENCE public.validation_id_seq
    START WITH 1
    INCREMENT BY 1
    NO MINVALUE
    NO MAXVALUE
    CACHE 1;


ALTER TABLE public.validation_id_seq OWNER TO dockstore;

--
-- Name: validation; Type: TABLE; Schema: public; Owner: dockstore
--

CREATE TABLE public.validation (
    id bigint DEFAULT nextval('public.validation_id_seq'::regclass) NOT NULL,
    dbcreatedate timestamp without time zone,
    dbupdatedate timestamp without time zone,
    message text,
    type text,
    valid boolean
);


ALTER TABLE public.validation OWNER TO dockstore;

--
-- Name: COLUMN validation.message; Type: COMMENT; Schema: public; Owner: dockstore
--

COMMENT ON COLUMN public.validation.message IS 'A mapping of file path to message.';


--
-- Name: version_input_fileformat; Type: TABLE; Schema: public; Owner: dockstore
--

CREATE TABLE public.version_input_fileformat (
    versionid bigint NOT NULL,
    fileformatid bigint NOT NULL
);


ALTER TABLE public.version_input_fileformat OWNER TO dockstore;

--
-- Name: version_metadata; Type: TABLE; Schema: public; Owner: dockstore
--

CREATE TABLE public.version_metadata (
    doistatus text DEFAULT 'NOT_REQUESTED'::text NOT NULL,
    doiurl character varying(255),
    hidden boolean,
    verified boolean DEFAULT false,
    verifiedsource character varying(255),
    id bigint NOT NULL,
    author character varying(255),
    description text,
    description_source character varying(255),
    email character varying(255),
    dbcreatedate timestamp without time zone,
    dbupdatedate timestamp without time zone,
    publicaccessibletestparameterfile boolean
);


ALTER TABLE public.version_metadata OWNER TO dockstore;

--
-- Name: version_metadata_orcidputcode; Type: TABLE; Schema: public; Owner: dockstore
--

CREATE TABLE public.version_metadata_orcidputcode (
    version_metadata_id bigint NOT NULL,
    dbcreatedate timestamp without time zone,
    dbupdatedate timestamp without time zone,
    orcidputcode text,
    userid bigint NOT NULL
);


ALTER TABLE public.version_metadata_orcidputcode OWNER TO dockstore;

--
-- Name: version_orcidauthor; Type: TABLE; Schema: public; Owner: dockstore
--

CREATE TABLE public.version_orcidauthor (
    versionid bigint NOT NULL,
    orcidauthorid bigint NOT NULL
);


ALTER TABLE public.version_orcidauthor OWNER TO dockstore;

--
-- Name: version_output_fileformat; Type: TABLE; Schema: public; Owner: dockstore
--

CREATE TABLE public.version_output_fileformat (
    versionid bigint NOT NULL,
    fileformatid bigint NOT NULL
);


ALTER TABLE public.version_output_fileformat OWNER TO dockstore;

--
-- Name: version_sourcefile; Type: TABLE; Schema: public; Owner: dockstore
--

CREATE TABLE public.version_sourcefile (
    versionid bigint NOT NULL,
    sourcefileid bigint NOT NULL
);

ALTER TABLE ONLY public.version_sourcefile FORCE ROW LEVEL SECURITY;


ALTER TABLE public.version_sourcefile OWNER TO dockstore;

--
-- Name: version_validation; Type: TABLE; Schema: public; Owner: dockstore
--

CREATE TABLE public.version_validation (
    versionid bigint NOT NULL,
    validationid bigint NOT NULL
);


ALTER TABLE public.version_validation OWNER TO dockstore;

--
-- Name: workflow; Type: TABLE; Schema: public; Owner: dockstore
--

CREATE TABLE public.workflow (
    id bigint NOT NULL,
    author character varying(255),
    description text,
    email character varying(255),
    giturl character varying(255),
    ispublished boolean,
    lastmodified timestamp without time zone,
    lastupdated timestamp without time zone,
    descriptortype character varying(255) NOT NULL,
    mode text DEFAULT 'STUB'::text NOT NULL,
    organization character varying(255) NOT NULL,
    repository character varying(255) NOT NULL,
    workflowname text,
    sourcecontrol text NOT NULL,
    checkerid bigint,
    ischecker boolean DEFAULT false,
    dbcreatedate timestamp without time zone NOT NULL,
    dbupdatedate timestamp without time zone NOT NULL,
    topicid bigint,
    conceptdoi character varying(255),
    descriptortypesubclass character varying(255) DEFAULT 'n/a'::character varying NOT NULL,
    actualdefaultversion bigint,
    licensename character varying(255),
    forumurl character varying(256),
    topic character varying(255),
    CONSTRAINT workflow_check CHECK (((ischecker IS TRUE) OR ((ischecker IS FALSE) AND (workflowname !~~ '\_%'::text)))),
    CONSTRAINT workflow_workflowname_notempty CHECK ((workflowname <> ''::text))
);


ALTER TABLE public.workflow OWNER TO dockstore;

--
-- Name: COLUMN workflow.lastmodified; Type: COMMENT; Schema: public; Owner: dockstore
--

COMMENT ON COLUMN public.workflow.lastmodified IS 'For remote: When refresh is hit, the last time GitHub repo was changed is recorded. Hosted: Last time a new version was made.';


--
-- Name: COLUMN workflow.lastupdated; Type: COMMENT; Schema: public; Owner: dockstore
--

COMMENT ON COLUMN public.workflow.lastupdated IS 'For remote: When refresh all is hit for first time. Hosted: Time created.';


--
-- Name: COLUMN workflow.dbcreatedate; Type: COMMENT; Schema: public; Owner: dockstore
--

COMMENT ON COLUMN public.workflow.dbcreatedate IS 'Remote: When workflow is refreshed for first time. Hosted: Time created';


--
-- Name: COLUMN workflow.dbupdatedate; Type: COMMENT; Schema: public; Owner: dockstore
--

COMMENT ON COLUMN public.workflow.dbupdatedate IS 'For remote: When refresh all is hit for first time, update workflow info (like path information), or add checker workflow. Hosted: Time created. Basically anytime db entry modified.';


--
-- Name: workflowversion; Type: TABLE; Schema: public; Owner: dockstore
--

CREATE TABLE public.workflowversion (
    id bigint NOT NULL,
    dirtybit boolean DEFAULT false,
    lastmodified timestamp without time zone,
    name character varying(255),
    reference character varying(255),
    valid boolean,
    workflowpath text NOT NULL,
    dbcreatedate timestamp without time zone NOT NULL,
    dbupdatedate timestamp without time zone NOT NULL,
    referencetype text DEFAULT 'UNSET'::text NOT NULL,
    versioneditor_id bigint,
    commitid text,
    subclass integer,
    frozen boolean DEFAULT false,
    parentid bigint NOT NULL,
    islegacyversion boolean DEFAULT true NOT NULL,
    dagjson text,
    tooltablejson text,
    synced boolean DEFAULT false NOT NULL
);

ALTER TABLE ONLY public.workflowversion FORCE ROW LEVEL SECURITY;


ALTER TABLE public.workflowversion OWNER TO dockstore;

--
-- Name: COLUMN workflowversion.lastmodified; Type: COMMENT; Schema: public; Owner: dockstore
--

COMMENT ON COLUMN public.workflowversion.lastmodified IS 'Remote: Last time version on GitHub repo was changed. Hosted: time version created';


--
-- Name: COLUMN workflowversion.dbcreatedate; Type: COMMENT; Schema: public; Owner: dockstore
--

COMMENT ON COLUMN public.workflowversion.dbcreatedate IS 'Remote: When workflow was refreshed for first time. Hosted: time version created';


--
-- Name: COLUMN workflowversion.dbupdatedate; Type: COMMENT; Schema: public; Owner: dockstore
--

COMMENT ON COLUMN public.workflowversion.dbupdatedate IS 'Remote: When workflow was refreshed for the first time or last time version was edited under action column in versions tab. Hosted: time version created or last time version was edited under actions column in versions tab. Basically anytime db entry modified';


--
-- Name: workflowversion_alias; Type: TABLE; Schema: public; Owner: dockstore
--

CREATE TABLE public.workflowversion_alias (
    id bigint NOT NULL,
    content text,
    dbcreatedate timestamp without time zone,
    dbupdatedate timestamp without time zone,
    alias text NOT NULL
);


ALTER TABLE public.workflowversion_alias OWNER TO dockstore;

--
-- Name: enduser id; Type: DEFAULT; Schema: public; Owner: dockstore
--

ALTER TABLE ONLY public.enduser ALTER COLUMN id SET DEFAULT nextval('public.enduser_id_seq'::regclass);


--
-- Name: fileformat id; Type: DEFAULT; Schema: public; Owner: dockstore
--

ALTER TABLE ONLY public.fileformat ALTER COLUMN id SET DEFAULT nextval('public.fileformat_id_seq'::regclass);


--
-- Name: label id; Type: DEFAULT; Schema: public; Owner: dockstore
--

ALTER TABLE ONLY public.label ALTER COLUMN id SET DEFAULT nextval('public.label_id_seq'::regclass);


--
-- Name: sourcefile id; Type: DEFAULT; Schema: public; Owner: dockstore
--

ALTER TABLE ONLY public.sourcefile ALTER COLUMN id SET DEFAULT nextval('public.sourcefile_id_seq'::regclass);


--
-- Name: token id; Type: DEFAULT; Schema: public; Owner: dockstore
--

ALTER TABLE ONLY public.token ALTER COLUMN id SET DEFAULT nextval('public.token_id_seq'::regclass);


--
-- Data for Name: apptool; Type: TABLE DATA; Schema: public; Owner: dockstore
--



--
-- Data for Name: author; Type: TABLE DATA; Schema: public; Owner: dockstore
--

INSERT INTO public.author (id, affiliation, dbcreatedate, dbupdatedate, email, name, role, versionid) VALUES (1, NULL, '2021-12-10 14:57:42.702', '2021-12-10 14:57:42.702', 'YOUR_EMAIL_HERE', 'YOUR_NAME_HERE', NULL, 102);
INSERT INTO public.author (id, affiliation, dbcreatedate, dbupdatedate, email, name, role, versionid) VALUES (2, NULL, '2021-12-10 14:58:07.767', '2021-12-10 14:58:07.767', 'YOUR_EMAIL_HERE', 'YOUR_NAME_HERE', NULL, 103);
INSERT INTO public.author (id, affiliation, dbcreatedate, dbupdatedate, email, name, role, versionid) VALUES (3, NULL, '2021-12-10 14:58:30.807', '2021-12-10 14:58:30.807', NULL, 'YOUR_NAME_HERE', NULL, 104);
INSERT INTO public.author (id, affiliation, dbcreatedate, dbupdatedate, email, name, role, versionid) VALUES (4, NULL, '2021-12-10 15:13:08.796', '2021-12-10 15:13:08.796', 'YOUR_EMAIL_HERE', 'YOUR_NAME_HERE', NULL, 105);
INSERT INTO public.author (id, affiliation, dbcreatedate, dbupdatedate, email, name, role, versionid) VALUES (5, NULL, '2021-12-10 15:13:20.88', '2021-12-10 15:13:20.88', 'YOUR_EMAIL_HERE', 'YOUR_NAME_HERE', NULL, 106);
INSERT INTO public.author (id, affiliation, dbcreatedate, dbupdatedate, email, name, role, versionid) VALUES (6, NULL, '2021-12-10 15:13:37.993', '2021-12-10 15:13:37.993', NULL, 'YOUR_NAME_HERE', NULL, 107);
INSERT INTO public.author (id, affiliation, dbcreatedate, dbupdatedate, email, name, role, versionid) VALUES (7, NULL, '2021-12-10 15:16:17.497', '2021-12-10 15:16:17.497', 'YOUR_EMAIL_HERE', 'YOUR_NAME_HERE', NULL, 108);
INSERT INTO public.author (id, affiliation, dbcreatedate, dbupdatedate, email, name, role, versionid) VALUES (8, NULL, '2021-12-10 15:16:31.812', '2021-12-10 15:16:31.812', 'YOUR_EMAIL_HERE', 'YOUR_NAME_HERE', NULL, 109);
INSERT INTO public.author (id, affiliation, dbcreatedate, dbupdatedate, email, name, role, versionid) VALUES (9, NULL, '2021-12-10 15:16:50.341', '2021-12-10 15:16:50.341', NULL, 'YOUR_NAME_HERE', NULL, 110);
INSERT INTO public.author (id, affiliation, dbcreatedate, dbupdatedate, email, name, role, versionid) VALUES (10, NULL, '2021-12-10 15:17:03.986', '2021-12-10 15:17:03.986', 'YOUR_EMAIL_HERE', 'YOUR_NAME_HERE', NULL, 111);
INSERT INTO public.author (id, affiliation, dbcreatedate, dbupdatedate, email, name, role, versionid) VALUES (11, NULL, '2021-12-10 15:17:17.255', '2021-12-10 15:17:17.255', 'YOUR_EMAIL_HERE', 'YOUR_NAME_HERE', NULL, 112);
INSERT INTO public.author (id, affiliation, dbcreatedate, dbupdatedate, email, name, role, versionid) VALUES (12, NULL, '2021-12-10 15:29:00.856', '2021-12-10 15:29:00.856', 'YOUR_EMAIL_HERE', 'YOUR_NAME_HERE', NULL, 113);
INSERT INTO public.author (id, affiliation, dbcreatedate, dbupdatedate, email, name, role, versionid) VALUES (13, NULL, '2021-12-10 15:31:24.317', '2021-12-10 15:31:24.317', 'YOUR_EMAIL_HERE', 'YOUR_NAME_HERE', NULL, 114);
INSERT INTO public.author (id, affiliation, dbcreatedate, dbupdatedate, email, name, role, versionid) VALUES (14, NULL, '2021-12-10 15:41:23.203', '2021-12-10 15:41:23.203', 'YOUR_EMAIL_HERE', 'YOUR_NAME_HERE', NULL, 115);
INSERT INTO public.author (id, affiliation, dbcreatedate, dbupdatedate, email, name, role, versionid) VALUES (15, NULL, '2021-12-10 15:41:45.102', '2021-12-10 15:41:45.102', 'YOUR_EMAIL_HERE', 'YOUR_NAME_HERE', NULL, 116);


--
-- Data for Name: cloud_instance; Type: TABLE DATA; Schema: public; Owner: dockstore
--



--
-- Data for Name: cloudinstance_supportedlanguages; Type: TABLE DATA; Schema: public; Owner: dockstore
--



--
-- Data for Name: collection; Type: TABLE DATA; Schema: public; Owner: dockstore
--

INSERT INTO public.collection (id, dbcreatedate, dbupdatedate, description, name, organizationid, displayname, topic, deleted, dtype) VALUES (1, '2021-12-10 15:21:34.824', '2021-12-10 15:21:34.833', NULL, 'aliens', 2, 'aliens', 'not space creatures', false, 'Collection');
INSERT INTO public.collection (id, dbcreatedate, dbupdatedate, description, name, organizationid, displayname, topic, deleted, dtype) VALUES (2, '2021-12-10 15:52:17.014', '2021-12-10 15:52:17.023', NULL, 'Stuff', 3, 'Stuff', 'and things', false, 'Collection');


--
-- Data for Name: collection_alias; Type: TABLE DATA; Schema: public; Owner: dockstore
--



--
-- Data for Name: collection_entry_version; Type: TABLE DATA; Schema: public; Owner: dockstore
--

INSERT INTO public.collection_entry_version (id, entry_id, version_id, collection_id, dbcreatedate, dbupdatedate) VALUES (1, 105, 105, 1, '2021-12-10 15:21:50.89', '2021-12-10 15:21:50.89');
INSERT INTO public.collection_entry_version (id, entry_id, version_id, collection_id, dbcreatedate, dbupdatedate) VALUES (2, 110, NULL, 2, '2021-12-10 15:52:28.112', '2021-12-10 15:52:28.112');


--
-- Data for Name: databasechangelog; Type: TABLE DATA; Schema: public; Owner: dockstore
--

INSERT INTO public.databasechangelog (id, author, filename, dateexecuted, orderexecuted, exectype, md5sum, description, comments, tag, liquibase, contexts, labels, deployment_id) VALUES ('fix_rogue_git_urls', 'dyuen', 'dockstore-webservice/src/main/resources/migrations.1.4.0.xml', '2018-03-26 12:53:47.156562', 78, 'EXECUTED', NULL, 'sql', '', NULL, '3.5.3', NULL, NULL, '2083227088');
INSERT INTO public.databasechangelog (id, author, filename, dateexecuted, orderexecuted, exectype, md5sum, description, comments, tag, liquibase, contexts, labels, deployment_id) VALUES ('1511468490651-1', 'dyuen (generated)', '/home/gluu/dockstore/dockstore-webservice/src/main/resources/migrations.1.3.0.generated.xml', '2018-01-12 11:40:48.894584', 1, 'EXECUTED', NULL, 'createSequence sequenceName=container_id_seq', '', NULL, '3.5.3', NULL, NULL, '5775248835');
INSERT INTO public.databasechangelog (id, author, filename, dateexecuted, orderexecuted, exectype, md5sum, description, comments, tag, liquibase, contexts, labels, deployment_id) VALUES ('1511468490651-2', 'dyuen (generated)', '/home/gluu/dockstore/dockstore-webservice/src/main/resources/migrations.1.3.0.generated.xml', '2018-01-12 11:40:48.914276', 2, 'EXECUTED', NULL, 'createSequence sequenceName=tag_id_seq', '', NULL, '3.5.3', NULL, NULL, '5775248835');
INSERT INTO public.databasechangelog (id, author, filename, dateexecuted, orderexecuted, exectype, md5sum, description, comments, tag, liquibase, contexts, labels, deployment_id) VALUES ('1511468490651-3', 'dyuen (generated)', '/home/gluu/dockstore/dockstore-webservice/src/main/resources/migrations.1.3.0.generated.xml', '2018-01-12 11:40:48.947451', 3, 'EXECUTED', NULL, 'createTable tableName=enduser', '', NULL, '3.5.3', NULL, NULL, '5775248835');
INSERT INTO public.databasechangelog (id, author, filename, dateexecuted, orderexecuted, exectype, md5sum, description, comments, tag, liquibase, contexts, labels, deployment_id) VALUES ('1511468490651-4', 'dyuen (generated)', '/home/gluu/dockstore/dockstore-webservice/src/main/resources/migrations.1.3.0.generated.xml', '2018-01-12 11:40:48.95828', 4, 'EXECUTED', NULL, 'createTable tableName=endusergroup', '', NULL, '3.5.3', NULL, NULL, '5775248835');
INSERT INTO public.databasechangelog (id, author, filename, dateexecuted, orderexecuted, exectype, md5sum, description, comments, tag, liquibase, contexts, labels, deployment_id) VALUES ('1511468490651-5', 'dyuen (generated)', '/home/gluu/dockstore/dockstore-webservice/src/main/resources/migrations.1.3.0.generated.xml', '2018-01-12 11:40:48.971068', 5, 'EXECUTED', NULL, 'createTable tableName=entry_label', '', NULL, '3.5.3', NULL, NULL, '5775248835');
INSERT INTO public.databasechangelog (id, author, filename, dateexecuted, orderexecuted, exectype, md5sum, description, comments, tag, liquibase, contexts, labels, deployment_id) VALUES ('1511468490651-6', 'dyuen (generated)', '/home/gluu/dockstore/dockstore-webservice/src/main/resources/migrations.1.3.0.generated.xml', '2018-01-12 11:40:48.993357', 6, 'EXECUTED', NULL, 'createTable tableName=label', '', NULL, '3.5.3', NULL, NULL, '5775248835');
INSERT INTO public.databasechangelog (id, author, filename, dateexecuted, orderexecuted, exectype, md5sum, description, comments, tag, liquibase, contexts, labels, deployment_id) VALUES ('1511468490651-7', 'dyuen (generated)', '/home/gluu/dockstore/dockstore-webservice/src/main/resources/migrations.1.3.0.generated.xml', '2018-01-12 11:40:49.024609', 7, 'EXECUTED', NULL, 'createTable tableName=sourcefile', '', NULL, '3.5.3', NULL, NULL, '5775248835');
INSERT INTO public.databasechangelog (id, author, filename, dateexecuted, orderexecuted, exectype, md5sum, description, comments, tag, liquibase, contexts, labels, deployment_id) VALUES ('1511468490651-8', 'dyuen (generated)', '/home/gluu/dockstore/dockstore-webservice/src/main/resources/migrations.1.3.0.generated.xml', '2018-01-12 11:40:49.041809', 8, 'EXECUTED', NULL, 'createTable tableName=starred', '', NULL, '3.5.3', NULL, NULL, '5775248835');
INSERT INTO public.databasechangelog (id, author, filename, dateexecuted, orderexecuted, exectype, md5sum, description, comments, tag, liquibase, contexts, labels, deployment_id) VALUES ('1511468490651-9', 'dyuen (generated)', '/home/gluu/dockstore/dockstore-webservice/src/main/resources/migrations.1.3.0.generated.xml', '2018-01-12 11:40:49.0648', 9, 'EXECUTED', NULL, 'createTable tableName=tag', '', NULL, '3.5.3', NULL, NULL, '5775248835');
INSERT INTO public.databasechangelog (id, author, filename, dateexecuted, orderexecuted, exectype, md5sum, description, comments, tag, liquibase, contexts, labels, deployment_id) VALUES ('1511468490651-10', 'dyuen (generated)', '/home/gluu/dockstore/dockstore-webservice/src/main/resources/migrations.1.3.0.generated.xml', '2018-01-12 11:40:49.101411', 10, 'EXECUTED', NULL, 'createTable tableName=token', '', NULL, '3.5.3', NULL, NULL, '5775248835');
INSERT INTO public.databasechangelog (id, author, filename, dateexecuted, orderexecuted, exectype, md5sum, description, comments, tag, liquibase, contexts, labels, deployment_id) VALUES ('1511468490651-11', 'dyuen (generated)', '/home/gluu/dockstore/dockstore-webservice/src/main/resources/migrations.1.3.0.generated.xml', '2018-01-12 11:40:49.124831', 11, 'EXECUTED', NULL, 'createTable tableName=tool', '', NULL, '3.5.3', NULL, NULL, '5775248835');
INSERT INTO public.databasechangelog (id, author, filename, dateexecuted, orderexecuted, exectype, md5sum, description, comments, tag, liquibase, contexts, labels, deployment_id) VALUES ('1511468490651-12', 'dyuen (generated)', '/home/gluu/dockstore/dockstore-webservice/src/main/resources/migrations.1.3.0.generated.xml', '2018-01-12 11:40:49.141314', 12, 'EXECUTED', NULL, 'createTable tableName=tool_tag', '', NULL, '3.5.3', NULL, NULL, '5775248835');
INSERT INTO public.databasechangelog (id, author, filename, dateexecuted, orderexecuted, exectype, md5sum, description, comments, tag, liquibase, contexts, labels, deployment_id) VALUES ('1511468490651-13', 'dyuen (generated)', '/home/gluu/dockstore/dockstore-webservice/src/main/resources/migrations.1.3.0.generated.xml', '2018-01-12 11:40:49.15083', 13, 'EXECUTED', NULL, 'createTable tableName=user_entry', '', NULL, '3.5.3', NULL, NULL, '5775248835');
INSERT INTO public.databasechangelog (id, author, filename, dateexecuted, orderexecuted, exectype, md5sum, description, comments, tag, liquibase, contexts, labels, deployment_id) VALUES ('1511468490651-14', 'dyuen (generated)', '/home/gluu/dockstore/dockstore-webservice/src/main/resources/migrations.1.3.0.generated.xml', '2018-01-12 11:40:49.171975', 14, 'EXECUTED', NULL, 'createTable tableName=usergroup', '', NULL, '3.5.3', NULL, NULL, '5775248835');
INSERT INTO public.databasechangelog (id, author, filename, dateexecuted, orderexecuted, exectype, md5sum, description, comments, tag, liquibase, contexts, labels, deployment_id) VALUES ('1511468490651-15', 'dyuen (generated)', '/home/gluu/dockstore/dockstore-webservice/src/main/resources/migrations.1.3.0.generated.xml', '2018-01-12 11:40:49.184509', 15, 'EXECUTED', NULL, 'createTable tableName=version_sourcefile', '', NULL, '3.5.3', NULL, NULL, '5775248835');
INSERT INTO public.databasechangelog (id, author, filename, dateexecuted, orderexecuted, exectype, md5sum, description, comments, tag, liquibase, contexts, labels, deployment_id) VALUES ('1511468490651-16', 'dyuen (generated)', '/home/gluu/dockstore/dockstore-webservice/src/main/resources/migrations.1.3.0.generated.xml', '2018-01-12 11:40:49.212966', 16, 'EXECUTED', NULL, 'createTable tableName=workflow', '', NULL, '3.5.3', NULL, NULL, '5775248835');
INSERT INTO public.databasechangelog (id, author, filename, dateexecuted, orderexecuted, exectype, md5sum, description, comments, tag, liquibase, contexts, labels, deployment_id) VALUES ('1511468490651-17', 'dyuen (generated)', '/home/gluu/dockstore/dockstore-webservice/src/main/resources/migrations.1.3.0.generated.xml', '2018-01-12 11:40:49.22254', 17, 'EXECUTED', NULL, 'createTable tableName=workflow_workflowversion', '', NULL, '3.5.3', NULL, NULL, '5775248835');
INSERT INTO public.databasechangelog (id, author, filename, dateexecuted, orderexecuted, exectype, md5sum, description, comments, tag, liquibase, contexts, labels, deployment_id) VALUES ('1511468490651-18', 'dyuen (generated)', '/home/gluu/dockstore/dockstore-webservice/src/main/resources/migrations.1.3.0.generated.xml', '2018-01-12 11:40:49.244385', 18, 'EXECUTED', NULL, 'createTable tableName=workflowversion', '', NULL, '3.5.3', NULL, NULL, '5775248835');
INSERT INTO public.databasechangelog (id, author, filename, dateexecuted, orderexecuted, exectype, md5sum, description, comments, tag, liquibase, contexts, labels, deployment_id) VALUES ('1511468490651-19', 'dyuen (generated)', '/home/gluu/dockstore/dockstore-webservice/src/main/resources/migrations.1.3.0.generated.xml', '2018-01-12 11:40:49.264563', 19, 'EXECUTED', NULL, 'addPrimaryKey constraintName=endusergroup_pkey, tableName=endusergroup', '', NULL, '3.5.3', NULL, NULL, '5775248835');
INSERT INTO public.databasechangelog (id, author, filename, dateexecuted, orderexecuted, exectype, md5sum, description, comments, tag, liquibase, contexts, labels, deployment_id) VALUES ('1511468490651-20', 'dyuen (generated)', '/home/gluu/dockstore/dockstore-webservice/src/main/resources/migrations.1.3.0.generated.xml', '2018-01-12 11:40:49.284108', 20, 'EXECUTED', NULL, 'addPrimaryKey constraintName=entry_label_pkey, tableName=entry_label', '', NULL, '3.5.3', NULL, NULL, '5775248835');
INSERT INTO public.databasechangelog (id, author, filename, dateexecuted, orderexecuted, exectype, md5sum, description, comments, tag, liquibase, contexts, labels, deployment_id) VALUES ('1511468490651-21', 'dyuen (generated)', '/home/gluu/dockstore/dockstore-webservice/src/main/resources/migrations.1.3.0.generated.xml', '2018-01-12 11:40:49.303926', 21, 'EXECUTED', NULL, 'addPrimaryKey constraintName=starred_pkey, tableName=starred', '', NULL, '3.5.3', NULL, NULL, '5775248835');
INSERT INTO public.databasechangelog (id, author, filename, dateexecuted, orderexecuted, exectype, md5sum, description, comments, tag, liquibase, contexts, labels, deployment_id) VALUES ('1511468490651-22', 'dyuen (generated)', '/home/gluu/dockstore/dockstore-webservice/src/main/resources/migrations.1.3.0.generated.xml', '2018-01-12 11:40:49.324215', 22, 'EXECUTED', NULL, 'addPrimaryKey constraintName=tag_pkey, tableName=tag', '', NULL, '3.5.3', NULL, NULL, '5775248835');
INSERT INTO public.databasechangelog (id, author, filename, dateexecuted, orderexecuted, exectype, md5sum, description, comments, tag, liquibase, contexts, labels, deployment_id) VALUES ('1511468490651-23', 'dyuen (generated)', '/home/gluu/dockstore/dockstore-webservice/src/main/resources/migrations.1.3.0.generated.xml', '2018-01-12 11:40:49.349086', 23, 'EXECUTED', NULL, 'addPrimaryKey constraintName=tool_pkey, tableName=tool', '', NULL, '3.5.3', NULL, NULL, '5775248835');
INSERT INTO public.databasechangelog (id, author, filename, dateexecuted, orderexecuted, exectype, md5sum, description, comments, tag, liquibase, contexts, labels, deployment_id) VALUES ('1511468490651-24', 'dyuen (generated)', '/home/gluu/dockstore/dockstore-webservice/src/main/resources/migrations.1.3.0.generated.xml', '2018-01-12 11:40:49.368474', 24, 'EXECUTED', NULL, 'addPrimaryKey constraintName=tool_tag_pkey, tableName=tool_tag', '', NULL, '3.5.3', NULL, NULL, '5775248835');
INSERT INTO public.databasechangelog (id, author, filename, dateexecuted, orderexecuted, exectype, md5sum, description, comments, tag, liquibase, contexts, labels, deployment_id) VALUES ('1511468490651-25', 'dyuen (generated)', '/home/gluu/dockstore/dockstore-webservice/src/main/resources/migrations.1.3.0.generated.xml', '2018-01-12 11:40:49.387882', 25, 'EXECUTED', NULL, 'addPrimaryKey constraintName=user_entry_pkey, tableName=user_entry', '', NULL, '3.5.3', NULL, NULL, '5775248835');
INSERT INTO public.databasechangelog (id, author, filename, dateexecuted, orderexecuted, exectype, md5sum, description, comments, tag, liquibase, contexts, labels, deployment_id) VALUES ('1511468490651-26', 'dyuen (generated)', '/home/gluu/dockstore/dockstore-webservice/src/main/resources/migrations.1.3.0.generated.xml', '2018-01-12 11:40:49.407307', 26, 'EXECUTED', NULL, 'addPrimaryKey constraintName=version_sourcefile_pkey, tableName=version_sourcefile', '', NULL, '3.5.3', NULL, NULL, '5775248835');
INSERT INTO public.databasechangelog (id, author, filename, dateexecuted, orderexecuted, exectype, md5sum, description, comments, tag, liquibase, contexts, labels, deployment_id) VALUES ('1511468490651-27', 'dyuen (generated)', '/home/gluu/dockstore/dockstore-webservice/src/main/resources/migrations.1.3.0.generated.xml', '2018-01-12 11:40:49.427266', 27, 'EXECUTED', NULL, 'addPrimaryKey constraintName=workflow_pkey, tableName=workflow', '', NULL, '3.5.3', NULL, NULL, '5775248835');
INSERT INTO public.databasechangelog (id, author, filename, dateexecuted, orderexecuted, exectype, md5sum, description, comments, tag, liquibase, contexts, labels, deployment_id) VALUES ('1511468490651-28', 'dyuen (generated)', '/home/gluu/dockstore/dockstore-webservice/src/main/resources/migrations.1.3.0.generated.xml', '2018-01-12 11:40:49.446986', 28, 'EXECUTED', NULL, 'addPrimaryKey constraintName=workflow_workflowversion_pkey, tableName=workflow_workflowversion', '', NULL, '3.5.3', NULL, NULL, '5775248835');
INSERT INTO public.databasechangelog (id, author, filename, dateexecuted, orderexecuted, exectype, md5sum, description, comments, tag, liquibase, contexts, labels, deployment_id) VALUES ('1511468490651-29', 'dyuen (generated)', '/home/gluu/dockstore/dockstore-webservice/src/main/resources/migrations.1.3.0.generated.xml', '2018-01-12 11:40:49.466597', 29, 'EXECUTED', NULL, 'addPrimaryKey constraintName=workflowversion_pkey, tableName=workflowversion', '', NULL, '3.5.3', NULL, NULL, '5775248835');
INSERT INTO public.databasechangelog (id, author, filename, dateexecuted, orderexecuted, exectype, md5sum, description, comments, tag, liquibase, contexts, labels, deployment_id) VALUES ('1511468490651-30', 'dyuen (generated)', '/home/gluu/dockstore/dockstore-webservice/src/main/resources/migrations.1.3.0.generated.xml', '2018-01-12 11:40:49.487882', 30, 'EXECUTED', NULL, 'addUniqueConstraint constraintName=uk_9vcoeu4nuu2ql7fh05mn20ydd, tableName=enduser', '', NULL, '3.5.3', NULL, NULL, '5775248835');
INSERT INTO public.databasechangelog (id, author, filename, dateexecuted, orderexecuted, exectype, md5sum, description, comments, tag, liquibase, contexts, labels, deployment_id) VALUES ('1511468490651-31', 'dyuen (generated)', '/home/gluu/dockstore/dockstore-webservice/src/main/resources/migrations.1.3.0.generated.xml', '2018-01-12 11:40:49.507283', 31, 'EXECUTED', NULL, 'addUniqueConstraint constraintName=uk_9xhsn1bsea2csoy3l0gtq41vv, tableName=label', '', NULL, '3.5.3', NULL, NULL, '5775248835');
INSERT INTO public.databasechangelog (id, author, filename, dateexecuted, orderexecuted, exectype, md5sum, description, comments, tag, liquibase, contexts, labels, deployment_id) VALUES ('1511468490651-32', 'dyuen (generated)', '/home/gluu/dockstore/dockstore-webservice/src/main/resources/migrations.1.3.0.generated.xml', '2018-01-12 11:40:49.526678', 32, 'EXECUTED', NULL, 'addUniqueConstraint constraintName=uk_e2j71kjdot9b8l5qmjw2ve38o, tableName=version_sourcefile', '', NULL, '3.5.3', NULL, NULL, '5775248835');
INSERT INTO public.databasechangelog (id, author, filename, dateexecuted, orderexecuted, exectype, md5sum, description, comments, tag, liquibase, contexts, labels, deployment_id) VALUES ('1511468490651-33', 'dyuen (generated)', '/home/gluu/dockstore/dockstore-webservice/src/main/resources/migrations.1.3.0.generated.xml', '2018-01-12 11:40:49.545829', 33, 'EXECUTED', NULL, 'addUniqueConstraint constraintName=uk_encl8hnebnkcaxj9tlugr9cxh, tableName=workflow_workflowversion', '', NULL, '3.5.3', NULL, NULL, '5775248835');
INSERT INTO public.databasechangelog (id, author, filename, dateexecuted, orderexecuted, exectype, md5sum, description, comments, tag, liquibase, contexts, labels, deployment_id) VALUES ('1511468490651-34', 'dyuen (generated)', '/home/gluu/dockstore/dockstore-webservice/src/main/resources/migrations.1.3.0.generated.xml', '2018-01-12 11:40:49.56573', 34, 'EXECUTED', NULL, 'addUniqueConstraint constraintName=uk_jdgfioq44aqox39xrs1wceow1, tableName=tool_tag', '', NULL, '3.5.3', NULL, NULL, '5775248835');
INSERT INTO public.databasechangelog (id, author, filename, dateexecuted, orderexecuted, exectype, md5sum, description, comments, tag, liquibase, contexts, labels, deployment_id) VALUES ('1511468490651-35', 'dyuen (generated)', '/home/gluu/dockstore/dockstore-webservice/src/main/resources/migrations.1.3.0.generated.xml', '2018-01-12 11:40:49.584902', 35, 'EXECUTED', NULL, 'addUniqueConstraint constraintName=ukbq5vy17y4ocaist3d3r3imcus, tableName=tool', '', NULL, '3.5.3', NULL, NULL, '5775248835');
INSERT INTO public.databasechangelog (id, author, filename, dateexecuted, orderexecuted, exectype, md5sum, description, comments, tag, liquibase, contexts, labels, deployment_id) VALUES ('1511468490651-36', 'dyuen (generated)', '/home/gluu/dockstore/dockstore-webservice/src/main/resources/migrations.1.3.0.generated.xml', '2018-01-12 11:40:49.60399', 36, 'EXECUTED', NULL, 'addUniqueConstraint constraintName=ukkprrtg54h6rjca5l1navospm8, tableName=workflow', '', NULL, '3.5.3', NULL, NULL, '5775248835');
INSERT INTO public.databasechangelog (id, author, filename, dateexecuted, orderexecuted, exectype, md5sum, description, comments, tag, liquibase, contexts, labels, deployment_id) VALUES ('1511391708947-37', 'dyuen (generated)-edited', '/home/gluu/dockstore/dockstore-webservice/src/main/resources/migrations.1.3.0.generated.xml', '2018-01-12 11:40:49.624468', 37, 'EXECUTED', NULL, 'createIndex indexName=full_tool_name, tableName=tool', '', NULL, '3.5.3', NULL, NULL, '5775248835');
INSERT INTO public.databasechangelog (id, author, filename, dateexecuted, orderexecuted, exectype, md5sum, description, comments, tag, liquibase, contexts, labels, deployment_id) VALUES ('1511391708947-38', 'dyuen (generated)-edited', '/home/gluu/dockstore/dockstore-webservice/src/main/resources/migrations.1.3.0.generated.xml', '2018-01-12 11:40:49.644936', 38, 'EXECUTED', NULL, 'createIndex indexName=full_workflow_name, tableName=workflow', '', NULL, '3.5.3', NULL, NULL, '5775248835');
INSERT INTO public.databasechangelog (id, author, filename, dateexecuted, orderexecuted, exectype, md5sum, description, comments, tag, liquibase, contexts, labels, deployment_id) VALUES ('1511391708947-39', 'dyuen (generated)-edited', '/home/gluu/dockstore/dockstore-webservice/src/main/resources/migrations.1.3.0.generated.xml', '2018-01-12 11:40:49.664768', 39, 'EXECUTED', NULL, 'createIndex indexName=partial_tool_name, tableName=tool', '', NULL, '3.5.3', NULL, NULL, '5775248835');
INSERT INTO public.databasechangelog (id, author, filename, dateexecuted, orderexecuted, exectype, md5sum, description, comments, tag, liquibase, contexts, labels, deployment_id) VALUES ('1511391708947-40', 'dyuen (generated)-edited', '/home/gluu/dockstore/dockstore-webservice/src/main/resources/migrations.1.3.0.generated.xml', '2018-01-12 11:40:49.68334', 40, 'EXECUTED', NULL, 'createIndex indexName=partial_workflow_name, tableName=workflow', '', NULL, '3.5.3', NULL, NULL, '5775248835');
INSERT INTO public.databasechangelog (id, author, filename, dateexecuted, orderexecuted, exectype, md5sum, description, comments, tag, liquibase, contexts, labels, deployment_id) VALUES ('1511468490651-41', 'dyuen (generated)', '/home/gluu/dockstore/dockstore-webservice/src/main/resources/migrations.1.3.0.generated.xml', '2018-01-12 11:40:49.696176', 41, 'EXECUTED', NULL, 'addForeignKeyConstraint baseTableName=starred, constraintName=fkdcfqiy0arvxmmh5e68ix75gwo, referencedTableName=enduser', '', NULL, '3.5.3', NULL, NULL, '5775248835');
INSERT INTO public.databasechangelog (id, author, filename, dateexecuted, orderexecuted, exectype, md5sum, description, comments, tag, liquibase, contexts, labels, deployment_id) VALUES ('1511468490651-42', 'dyuen (generated)', '/home/gluu/dockstore/dockstore-webservice/src/main/resources/migrations.1.3.0.generated.xml', '2018-01-12 11:40:49.706865', 42, 'EXECUTED', NULL, 'addForeignKeyConstraint baseTableName=user_entry, constraintName=fkhdtovkjeuj2u4adc073nh02w, referencedTableName=enduser', '', NULL, '3.5.3', NULL, NULL, '5775248835');
INSERT INTO public.databasechangelog (id, author, filename, dateexecuted, orderexecuted, exectype, md5sum, description, comments, tag, liquibase, contexts, labels, deployment_id) VALUES ('1511468490651-43', 'dyuen (generated)', '/home/gluu/dockstore/dockstore-webservice/src/main/resources/migrations.1.3.0.generated.xml', '2018-01-12 11:40:49.717102', 43, 'EXECUTED', NULL, 'addForeignKeyConstraint baseTableName=workflow_workflowversion, constraintName=fkibmeux3552ua8dwnqdb8w6991, referencedTableName=workflowversion', '', NULL, '3.5.3', NULL, NULL, '5775248835');
INSERT INTO public.databasechangelog (id, author, filename, dateexecuted, orderexecuted, exectype, md5sum, description, comments, tag, liquibase, contexts, labels, deployment_id) VALUES ('1511468490651-44', 'dyuen (generated)', '/home/gluu/dockstore/dockstore-webservice/src/main/resources/migrations.1.3.0.generated.xml', '2018-01-12 11:40:49.729006', 44, 'EXECUTED', NULL, 'addForeignKeyConstraint baseTableName=tool_tag, constraintName=fkjkn6qubuvn25bun52eqjleyl6, referencedTableName=tag', '', NULL, '3.5.3', NULL, NULL, '5775248835');
INSERT INTO public.databasechangelog (id, author, filename, dateexecuted, orderexecuted, exectype, md5sum, description, comments, tag, liquibase, contexts, labels, deployment_id) VALUES ('1511468490651-45', 'dyuen (generated)', '/home/gluu/dockstore/dockstore-webservice/src/main/resources/migrations.1.3.0.generated.xml', '2018-01-12 11:40:49.739748', 45, 'EXECUTED', NULL, 'addForeignKeyConstraint baseTableName=tool_tag, constraintName=fkjtsjg6jdnwxoeicd27ujmeeaj, referencedTableName=tool', '', NULL, '3.5.3', NULL, NULL, '5775248835');
INSERT INTO public.databasechangelog (id, author, filename, dateexecuted, orderexecuted, exectype, md5sum, description, comments, tag, liquibase, contexts, labels, deployment_id) VALUES ('1511468490651-46', 'dyuen (generated)', '/home/gluu/dockstore/dockstore-webservice/src/main/resources/migrations.1.3.0.generated.xml', '2018-01-12 11:40:49.749921', 46, 'EXECUTED', NULL, 'addForeignKeyConstraint baseTableName=workflow_workflowversion, constraintName=fkl8yg13ahjhtn0notrlf3amwwi, referencedTableName=workflow', '', NULL, '3.5.3', NULL, NULL, '5775248835');
INSERT INTO public.databasechangelog (id, author, filename, dateexecuted, orderexecuted, exectype, md5sum, description, comments, tag, liquibase, contexts, labels, deployment_id) VALUES ('1511468490651-47', 'dyuen (generated)', '/home/gluu/dockstore/dockstore-webservice/src/main/resources/migrations.1.3.0.generated.xml', '2018-01-12 11:40:49.762168', 47, 'EXECUTED', NULL, 'addForeignKeyConstraint baseTableName=endusergroup, constraintName=fkm0exig2r3dsxqafwaraf7rnr3, referencedTableName=usergroup', '', NULL, '3.5.3', NULL, NULL, '5775248835');
INSERT INTO public.databasechangelog (id, author, filename, dateexecuted, orderexecuted, exectype, md5sum, description, comments, tag, liquibase, contexts, labels, deployment_id) VALUES ('1511468490651-48', 'dyuen (generated)', '/home/gluu/dockstore/dockstore-webservice/src/main/resources/migrations.1.3.0.generated.xml', '2018-01-12 11:40:49.772623', 48, 'EXECUTED', NULL, 'addForeignKeyConstraint baseTableName=version_sourcefile, constraintName=fkmby5o476bdwrx07ax2keoyttn, referencedTableName=sourcefile', '', NULL, '3.5.3', NULL, NULL, '5775248835');
INSERT INTO public.databasechangelog (id, author, filename, dateexecuted, orderexecuted, exectype, md5sum, description, comments, tag, liquibase, contexts, labels, deployment_id) VALUES ('1511468490651-49', 'dyuen (generated)', '/home/gluu/dockstore/dockstore-webservice/src/main/resources/migrations.1.3.0.generated.xml', '2018-01-12 11:40:49.783349', 49, 'EXECUTED', NULL, 'addForeignKeyConstraint baseTableName=endusergroup, constraintName=fkrxn6hh2max4sk4ceehyv7mt2e, referencedTableName=enduser', '', NULL, '3.5.3', NULL, NULL, '5775248835');
INSERT INTO public.databasechangelog (id, author, filename, dateexecuted, orderexecuted, exectype, md5sum, description, comments, tag, liquibase, contexts, labels, deployment_id) VALUES ('1511468490651-50', 'dyuen (generated)', '/home/gluu/dockstore/dockstore-webservice/src/main/resources/migrations.1.3.0.generated.xml', '2018-01-12 11:40:49.793651', 50, 'EXECUTED', NULL, 'addForeignKeyConstraint baseTableName=entry_label, constraintName=fks71c9mk0f98015eqgtyvs0ewp, referencedTableName=label', '', NULL, '3.5.3', NULL, NULL, '5775248835');
INSERT INTO public.databasechangelog (id, author, filename, dateexecuted, orderexecuted, exectype, md5sum, description, comments, tag, liquibase, contexts, labels, deployment_id) VALUES ('workflowWorkflownameConvertEmptyStringToNull', 'gluu', '/home/gluu/dockstore/dockstore-webservice/src/main/resources/migrations.1.4.0.xml', '2018-01-12 11:40:59.584697', 51, 'EXECUTED', NULL, 'update tableName=workflow', '', NULL, '3.5.3', NULL, NULL, '5775259574');
INSERT INTO public.databasechangelog (id, author, filename, dateexecuted, orderexecuted, exectype, md5sum, description, comments, tag, liquibase, contexts, labels, deployment_id) VALUES ('addWorkflowWorkflownameNotEmptyConstraint', 'gluu', '/home/gluu/dockstore/dockstore-webservice/src/main/resources/migrations.1.4.0.xml', '2018-01-12 11:40:59.598251', 52, 'EXECUTED', NULL, 'sql', '', NULL, '3.5.3', NULL, NULL, '5775259574');
INSERT INTO public.databasechangelog (id, author, filename, dateexecuted, orderexecuted, exectype, md5sum, description, comments, tag, liquibase, contexts, labels, deployment_id) VALUES ('custom_tool_sequence1', 'dyuen', '/home/gluu/dockstore/dockstore-webservice/src/main/resources/migrations.1.4.0.xml', '2018-01-12 11:40:59.661272', 54, 'EXECUTED', NULL, 'sql', '', NULL, '3.5.3', NULL, NULL, '5775259574');
INSERT INTO public.databasechangelog (id, author, filename, dateexecuted, orderexecuted, exectype, md5sum, description, comments, tag, liquibase, contexts, labels, deployment_id) VALUES ('custom_tag_sequence2', 'dyuen', '/home/gluu/dockstore/dockstore-webservice/src/main/resources/migrations.1.4.0.xml', '2018-01-12 11:40:59.672744', 55, 'EXECUTED', NULL, 'sql', '', NULL, '3.5.3', NULL, NULL, '5775259574');
INSERT INTO public.databasechangelog (id, author, filename, dateexecuted, orderexecuted, exectype, md5sum, description, comments, tag, liquibase, contexts, labels, deployment_id) VALUES ('workflowWorkflownameConvertEmptyStringToNull', 'gluu', '/home/gluu/dockstore/dockstore-webservice/src/main/resources/migrations.1.4.0.xml', '2018-01-12 11:38:55.122412', 1, 'EXECUTED', NULL, 'update tableName=workflow', '', NULL, '3.5.3', NULL, NULL, '5775135109');
INSERT INTO public.databasechangelog (id, author, filename, dateexecuted, orderexecuted, exectype, md5sum, description, comments, tag, liquibase, contexts, labels, deployment_id) VALUES ('addWorkflowWorkflownameNotEmptyConstraint', 'gluu', '/home/gluu/dockstore/dockstore-webservice/src/main/resources/migrations.1.4.0.xml', '2018-01-12 11:38:55.137851', 2, 'EXECUTED', NULL, 'sql', '', NULL, '3.5.3', NULL, NULL, '5775135109');
INSERT INTO public.databasechangelog (id, author, filename, dateexecuted, orderexecuted, exectype, md5sum, description, comments, tag, liquibase, contexts, labels, deployment_id) VALUES ('addCustomDockerRegistryPath', 'agduncan', '../dockstore/dockstore-webservice/src/main/resources/migrations.1.4.0.xml', '2018-02-14 15:39:56.014385', 56, 'EXECUTED', NULL, 'addColumn tableName=tool', '', NULL, '3.5.3', NULL, NULL, '8640795994');
INSERT INTO public.databasechangelog (id, author, filename, dateexecuted, orderexecuted, exectype, md5sum, description, comments, tag, liquibase, contexts, labels, deployment_id) VALUES ('updateAmazonCustomDockerRegistryPath', 'agduncan', '../dockstore/dockstore-webservice/src/main/resources/migrations.1.4.0.xml', '2018-02-14 15:39:56.043835', 57, 'EXECUTED', NULL, 'sql', '', NULL, '3.5.3', NULL, NULL, '8640795994');
INSERT INTO public.databasechangelog (id, author, filename, dateexecuted, orderexecuted, exectype, md5sum, description, comments, tag, liquibase, contexts, labels, deployment_id) VALUES ('dropWorkflowPath', 'agduncan', '../dockstore/dockstore-webservice/src/main/resources/migrations.1.4.0.xml', '2018-02-14 15:39:56.070145', 58, 'EXECUTED', NULL, 'dropColumn columnName=path, tableName=workflow', '', NULL, '3.5.3', NULL, NULL, '8640795994');
INSERT INTO public.databasechangelog (id, author, filename, dateexecuted, orderexecuted, exectype, md5sum, description, comments, tag, liquibase, contexts, labels, deployment_id) VALUES ('dropToolPath', 'agduncan', '../dockstore/dockstore-webservice/src/main/resources/migrations.1.4.0.xml', '2018-02-14 15:39:56.095693', 59, 'EXECUTED', NULL, 'dropColumn columnName=path, tableName=tool', '', NULL, '3.5.3', NULL, NULL, '8640795994');
INSERT INTO public.databasechangelog (id, author, filename, dateexecuted, orderexecuted, exectype, md5sum, description, comments, tag, liquibase, contexts, labels, deployment_id) VALUES ('1516219456530-1', 'dyuen (generated)', '../dockstore/dockstore-webservice/src/main/resources/migrations.1.4.0.xml', '2018-02-14 15:39:56.204314', 60, 'EXECUTED', NULL, 'addColumn tableName=tag', '', NULL, '3.5.3', NULL, NULL, '8640795994');
INSERT INTO public.databasechangelog (id, author, filename, dateexecuted, orderexecuted, exectype, md5sum, description, comments, tag, liquibase, contexts, labels, deployment_id) VALUES ('1516219456530-2', 'dyuen (generated)', '../dockstore/dockstore-webservice/src/main/resources/migrations.1.4.0.xml', '2018-02-14 15:39:56.302286', 61, 'EXECUTED', NULL, 'addColumn tableName=workflowversion', '', NULL, '3.5.3', NULL, NULL, '8640795994');
INSERT INTO public.databasechangelog (id, author, filename, dateexecuted, orderexecuted, exectype, md5sum, description, comments, tag, liquibase, contexts, labels, deployment_id) VALUES ('1516219456530-3', 'dyuen (generated)', '../dockstore/dockstore-webservice/src/main/resources/migrations.1.4.0.xml', '2018-02-14 15:39:56.325685', 62, 'EXECUTED', NULL, 'addColumn tableName=tag', '', NULL, '3.5.3', NULL, NULL, '8640795994');
INSERT INTO public.databasechangelog (id, author, filename, dateexecuted, orderexecuted, exectype, md5sum, description, comments, tag, liquibase, contexts, labels, deployment_id) VALUES ('1516219456530-4', 'dyuen (generated)', '../dockstore/dockstore-webservice/src/main/resources/migrations.1.4.0.xml', '2018-02-14 15:39:56.349088', 63, 'EXECUTED', NULL, 'addColumn tableName=workflowversion', '', NULL, '3.5.3', NULL, NULL, '8640795994');
INSERT INTO public.databasechangelog (id, author, filename, dateexecuted, orderexecuted, exectype, md5sum, description, comments, tag, liquibase, contexts, labels, deployment_id) VALUES ('1516220040864-6', 'dyuen (generated)', '../dockstore/dockstore-webservice/src/main/resources/migrations.1.4.0.xml', '2018-02-14 15:39:56.373742', 64, 'EXECUTED', NULL, 'addNotNullConstraint columnName=doistatus, tableName=tag', '', NULL, '3.5.3', NULL, NULL, '8640795994');
INSERT INTO public.databasechangelog (id, author, filename, dateexecuted, orderexecuted, exectype, md5sum, description, comments, tag, liquibase, contexts, labels, deployment_id) VALUES ('1516220040864-7', 'dyuen (generated)', '../dockstore/dockstore-webservice/src/main/resources/migrations.1.4.0.xml', '2018-02-14 15:39:56.398913', 65, 'EXECUTED', NULL, 'addNotNullConstraint columnName=doistatus, tableName=workflowversion', '', NULL, '3.5.3', NULL, NULL, '8640795994');
INSERT INTO public.databasechangelog (id, author, filename, dateexecuted, orderexecuted, exectype, md5sum, description, comments, tag, liquibase, contexts, labels, deployment_id) VALUES ('3424324325r3r3g45g-8', 'aduncan', '../dockstore/dockstore-webservice/src/main/resources/migrations.1.4.0.xml', '2018-02-23 14:35:18.771811', 66, 'EXECUTED', NULL, 'sql; sql; sql; sql; sql; sql; sql; dropColumn columnName=customdockerregistrypath, tableName=tool', '', NULL, '3.5.3', NULL, NULL, '9414518746');
INSERT INTO public.databasechangelog (id, author, filename, dateexecuted, orderexecuted, exectype, md5sum, description, comments, tag, liquibase, contexts, labels, deployment_id) VALUES ('n4io234ni23o4nio33r-1', 'agduncan', '../dockstore/dockstore-webservice/src/main/resources/migrations.1.4.0.xml', '2018-02-27 10:10:32.301753', 67, 'EXECUTED', NULL, 'addColumn tableName=tool; addColumn tableName=workflow; addColumn tableName=workflow', '', NULL, '3.5.3', NULL, NULL, '9744232136');
INSERT INTO public.databasechangelog (id, author, filename, dateexecuted, orderexecuted, exectype, md5sum, description, comments, tag, liquibase, contexts, labels, deployment_id) VALUES ('workflow-jpa-dbcreate', 'dyuen (generated)', '../dockstore/dockstore-webservice/src/main/resources/migrations.1.4.0.xml', '2018-02-27 10:10:32.327151', 68, 'EXECUTED', NULL, 'addColumn tableName=workflow', '', NULL, '3.5.3', NULL, NULL, '9744232136');
INSERT INTO public.databasechangelog (id, author, filename, dateexecuted, orderexecuted, exectype, md5sum, description, comments, tag, liquibase, contexts, labels, deployment_id) VALUES ('workflow-jpa-dbupdate', 'dyuen (generated)', '../dockstore/dockstore-webservice/src/main/resources/migrations.1.4.0.xml', '2018-02-27 10:10:32.351077', 69, 'EXECUTED', NULL, 'addColumn tableName=workflow', '', NULL, '3.5.3', NULL, NULL, '9744232136');
INSERT INTO public.databasechangelog (id, author, filename, dateexecuted, orderexecuted, exectype, md5sum, description, comments, tag, liquibase, contexts, labels, deployment_id) VALUES ('tool-jpa-dbcreate', 'dyuen (generated)', '../dockstore/dockstore-webservice/src/main/resources/migrations.1.4.0.xml', '2018-02-27 10:10:32.375836', 70, 'EXECUTED', NULL, 'addColumn tableName=tool', '', NULL, '3.5.3', NULL, NULL, '9744232136');
INSERT INTO public.databasechangelog (id, author, filename, dateexecuted, orderexecuted, exectype, md5sum, description, comments, tag, liquibase, contexts, labels, deployment_id) VALUES ('tool-jpa-dbupdate', 'dyuen (generated)', '../dockstore/dockstore-webservice/src/main/resources/migrations.1.4.0.xml', '2018-02-27 10:10:32.40098', 71, 'EXECUTED', NULL, 'addColumn tableName=tool', '', NULL, '3.5.3', NULL, NULL, '9744232136');
INSERT INTO public.databasechangelog (id, author, filename, dateexecuted, orderexecuted, exectype, md5sum, description, comments, tag, liquibase, contexts, labels, deployment_id) VALUES ('more-dates', 'dyuen (generated)', '../dockstore/dockstore-webservice/src/main/resources/migrations.1.4.0.xml', '2018-02-27 10:10:32.430996', 72, 'EXECUTED', NULL, 'addColumn tableName=usergroup; addColumn tableName=label; addColumn tableName=sourcefile; addColumn tableName=token; addColumn tableName=enduser; addColumn tableName=workflowversion; addColumn tableName=tag', '', NULL, '3.5.3', NULL, NULL, '9744232136');
INSERT INTO public.databasechangelog (id, author, filename, dateexecuted, orderexecuted, exectype, md5sum, description, comments, tag, liquibase, contexts, labels, deployment_id) VALUES ('mutate-tool-modified-timestamp', 'dyuen', '../dockstore/dockstore-webservice/src/main/resources/migrations.1.4.0.xml', '2018-02-27 10:10:32.590327', 73, 'EXECUTED', NULL, 'sql', '', NULL, '3.5.3', NULL, NULL, '9744232136');
INSERT INTO public.databasechangelog (id, author, filename, dateexecuted, orderexecuted, exectype, md5sum, description, comments, tag, liquibase, contexts, labels, deployment_id) VALUES ('mutate-workflow-modified-timestamp', 'dyuen', '../dockstore/dockstore-webservice/src/main/resources/migrations.1.4.0.xml', '2018-02-27 10:10:32.754087', 74, 'EXECUTED', NULL, 'sql', '', NULL, '3.5.3', NULL, NULL, '9744232136');
INSERT INTO public.databasechangelog (id, author, filename, dateexecuted, orderexecuted, exectype, md5sum, description, comments, tag, liquibase, contexts, labels, deployment_id) VALUES ('1520436537629-2', 'aduncan (generated)', 'dockstore-webservice/src/main/resources/migrations.1.4.0.xml', '2018-03-26 12:53:47.112821', 75, 'EXECUTED', NULL, 'addForeignKeyConstraint baseTableName=workflow, constraintName=fk_checkerid_with_workflow, referencedTableName=workflow', '', NULL, '3.5.3', NULL, NULL, '2083227088');
INSERT INTO public.databasechangelog (id, author, filename, dateexecuted, orderexecuted, exectype, md5sum, description, comments, tag, liquibase, contexts, labels, deployment_id) VALUES ('1520436537629-3', 'aduncan (generated)', 'dockstore-webservice/src/main/resources/migrations.1.4.0.xml', '2018-03-26 12:53:47.128173', 76, 'EXECUTED', NULL, 'addForeignKeyConstraint baseTableName=tool, constraintName=fk_checkerid_with_tool, referencedTableName=workflow', '', NULL, '3.5.3', NULL, NULL, '2083227088');
INSERT INTO public.databasechangelog (id, author, filename, dateexecuted, orderexecuted, exectype, md5sum, description, comments, tag, liquibase, contexts, labels, deployment_id) VALUES ('constraint-for-underscore-workflow-and-tool-names', 'agduncan', 'dockstore-webservice/src/main/resources/migrations.1.4.0.xml', '2018-03-26 12:53:47.148171', 77, 'EXECUTED', NULL, 'sql; sql; sql', '', NULL, '3.5.3', NULL, NULL, '2083227088');
INSERT INTO public.databasechangelog (id, author, filename, dateexecuted, orderexecuted, exectype, md5sum, description, comments, tag, liquibase, contexts, labels, deployment_id) VALUES ('drop-toolname-null-constraint-update-check-constraint', 'agduncan', 'dockstore-webservice/src/main/resources/migrations.1.4.0.xml', '2018-03-26 12:53:47.171878', 79, 'EXECUTED', NULL, 'dropNotNullConstraint columnName=toolname, tableName=tool; dropDefaultValue columnName=toolname, tableName=tool; sql; sql', '', NULL, '3.5.3', NULL, NULL, '2083227088');
INSERT INTO public.databasechangelog (id, author, filename, dateexecuted, orderexecuted, exectype, md5sum, description, comments, tag, liquibase, contexts, labels, deployment_id) VALUES ('74274923472389478923', 'agduncan', '/home/gluu/dockstore/dockstore-webservice/src/main/resources/migrations.1.4.0.xml', '2018-01-12 11:40:59.650556', 53, 'EXECUTED', NULL, 'addColumn tableName=workflow; sql; sql; sql; sql; sql; sql; addNotNullConstraint columnName=sourcecontrol, tableName=workflow; sql; sql; sql; sql; sql; sql', '', NULL, '3.5.3', NULL, NULL, '5775259574');
INSERT INTO public.databasechangelog (id, author, filename, dateexecuted, orderexecuted, exectype, md5sum, description, comments, tag, liquibase, contexts, labels, deployment_id) VALUES ('workflowWorkflownameConvertEmptyStringToNull', 'gluu', 'migrations.1.4.0.xml', '2018-05-08 14:46:17.614554', 81, 'EXECUTED', NULL, 'update tableName=workflow', '', NULL, '3.5.4', NULL, NULL, '5805177590');
INSERT INTO public.databasechangelog (id, author, filename, dateexecuted, orderexecuted, exectype, md5sum, description, comments, tag, liquibase, contexts, labels, deployment_id) VALUES ('addWorkflowWorkflownameNotEmptyConstraint', 'gluu', 'migrations.1.4.0.xml', '2018-05-08 14:52:06.124293', 82, 'EXECUTED', NULL, 'sql', '', NULL, '3.5.4', NULL, NULL, '5805526074');
INSERT INTO public.databasechangelog (id, author, filename, dateexecuted, orderexecuted, exectype, md5sum, description, comments, tag, liquibase, contexts, labels, deployment_id) VALUES ('74274923472389478923', 'agduncan', 'migrations.1.4.0.xml', '2018-05-08 14:52:38.475241', 83, 'EXECUTED', NULL, 'addColumn tableName=workflow; sql; sql; sql; sql; sql; sql; addNotNullConstraint columnName=sourcecontrol, tableName=workflow; sql; sql; dropIndex indexName=full_workflow_name, tableName=workflow; sql; dropIndex indexName=partial_workflow_name, ta...', '', NULL, '3.5.4', NULL, NULL, '5805558425');
INSERT INTO public.databasechangelog (id, author, filename, dateexecuted, orderexecuted, exectype, md5sum, description, comments, tag, liquibase, contexts, labels, deployment_id) VALUES ('custom_tool_sequence1', 'dyuen', 'migrations.1.4.0.xml', '2018-05-08 14:52:43.611274', 84, 'EXECUTED', NULL, 'sql', '', NULL, '3.5.4', NULL, NULL, '5805563573');
INSERT INTO public.databasechangelog (id, author, filename, dateexecuted, orderexecuted, exectype, md5sum, description, comments, tag, liquibase, contexts, labels, deployment_id) VALUES ('custom_tag_sequence2', 'dyuen', 'migrations.1.4.0.xml', '2018-05-08 14:52:43.6261', 85, 'EXECUTED', NULL, 'sql', '', NULL, '3.5.4', NULL, NULL, '5805563573');
INSERT INTO public.databasechangelog (id, author, filename, dateexecuted, orderexecuted, exectype, md5sum, description, comments, tag, liquibase, contexts, labels, deployment_id) VALUES ('addCustomDockerRegistryPath', 'agduncan', 'migrations.1.4.0.xml', '2018-05-08 14:52:43.641171', 86, 'EXECUTED', NULL, 'addColumn tableName=tool', '', NULL, '3.5.4', NULL, NULL, '5805563573');
INSERT INTO public.databasechangelog (id, author, filename, dateexecuted, orderexecuted, exectype, md5sum, description, comments, tag, liquibase, contexts, labels, deployment_id) VALUES ('updateAmazonCustomDockerRegistryPath', 'agduncan', 'migrations.1.4.0.xml', '2018-05-08 14:53:14.732208', 87, 'EXECUTED', NULL, 'sql', '', NULL, '3.5.4', NULL, NULL, '5805594685');
INSERT INTO public.databasechangelog (id, author, filename, dateexecuted, orderexecuted, exectype, md5sum, description, comments, tag, liquibase, contexts, labels, deployment_id) VALUES ('dropWorkflowPath', 'agduncan', 'migrations.1.4.0.xml', '2018-05-08 14:53:57.838763', 88, 'EXECUTED', NULL, 'dropColumn columnName=path, tableName=workflow', '', NULL, '3.5.4', NULL, NULL, '5805637782');
INSERT INTO public.databasechangelog (id, author, filename, dateexecuted, orderexecuted, exectype, md5sum, description, comments, tag, liquibase, contexts, labels, deployment_id) VALUES ('dropToolPath', 'agduncan', 'migrations.1.4.0.xml', '2018-05-08 14:54:12.021723', 89, 'EXECUTED', NULL, 'dropColumn columnName=path, tableName=tool', '', NULL, '3.5.4', NULL, NULL, '5805651963');
INSERT INTO public.databasechangelog (id, author, filename, dateexecuted, orderexecuted, exectype, md5sum, description, comments, tag, liquibase, contexts, labels, deployment_id) VALUES ('1516219456530-1', 'dyuen (generated)', 'migrations.1.4.0.xml', '2018-05-08 14:54:32.984832', 90, 'EXECUTED', NULL, 'addColumn tableName=tag', '', NULL, '3.5.4', NULL, NULL, '5805672934');
INSERT INTO public.databasechangelog (id, author, filename, dateexecuted, orderexecuted, exectype, md5sum, description, comments, tag, liquibase, contexts, labels, deployment_id) VALUES ('1516219456530-2', 'dyuen (generated)', 'migrations.1.4.0.xml', '2018-05-08 14:54:49.060161', 91, 'EXECUTED', NULL, 'addColumn tableName=workflowversion', '', NULL, '3.5.4', NULL, NULL, '5805689007');
INSERT INTO public.databasechangelog (id, author, filename, dateexecuted, orderexecuted, exectype, md5sum, description, comments, tag, liquibase, contexts, labels, deployment_id) VALUES ('1516219456530-3', 'dyuen (generated)', 'migrations.1.4.0.xml', '2018-05-08 14:55:01.074699', 92, 'EXECUTED', NULL, 'addColumn tableName=tag', '', NULL, '3.5.4', NULL, NULL, '5805701033');
INSERT INTO public.databasechangelog (id, author, filename, dateexecuted, orderexecuted, exectype, md5sum, description, comments, tag, liquibase, contexts, labels, deployment_id) VALUES ('1516219456530-4', 'dyuen (generated)', 'migrations.1.4.0.xml', '2018-05-08 14:55:12.000629', 93, 'EXECUTED', NULL, 'addColumn tableName=workflowversion', '', NULL, '3.5.4', NULL, NULL, '5805711954');
INSERT INTO public.databasechangelog (id, author, filename, dateexecuted, orderexecuted, exectype, md5sum, description, comments, tag, liquibase, contexts, labels, deployment_id) VALUES ('1516220040864-6', 'dyuen (generated)', 'migrations.1.4.0.xml', '2018-05-08 14:55:17.139183', 94, 'EXECUTED', NULL, 'addNotNullConstraint columnName=doistatus, tableName=tag', '', NULL, '3.5.4', NULL, NULL, '5805717114');
INSERT INTO public.databasechangelog (id, author, filename, dateexecuted, orderexecuted, exectype, md5sum, description, comments, tag, liquibase, contexts, labels, deployment_id) VALUES ('1516220040864-7', 'dyuen (generated)', 'migrations.1.4.0.xml', '2018-05-08 14:55:17.152387', 95, 'EXECUTED', NULL, 'addNotNullConstraint columnName=doistatus, tableName=workflowversion', '', NULL, '3.5.4', NULL, NULL, '5805717114');
INSERT INTO public.databasechangelog (id, author, filename, dateexecuted, orderexecuted, exectype, md5sum, description, comments, tag, liquibase, contexts, labels, deployment_id) VALUES ('3424324325r3r3g45g-8', 'aduncan', 'migrations.1.4.0.xml', '2018-05-08 14:55:17.17288', 96, 'EXECUTED', NULL, 'sql; sql; sql; sql; sql; sql; sql; dropColumn columnName=customdockerregistrypath, tableName=tool', '', NULL, '3.5.4', NULL, NULL, '5805717114');
INSERT INTO public.databasechangelog (id, author, filename, dateexecuted, orderexecuted, exectype, md5sum, description, comments, tag, liquibase, contexts, labels, deployment_id) VALUES ('n4io234ni23o4nio33r-1', 'agduncan', 'migrations.1.4.0.xml', '2018-05-08 14:55:25.720645', 97, 'EXECUTED', NULL, 'addColumn tableName=tool; addColumn tableName=workflow; addColumn tableName=workflow', '', NULL, '3.5.4', NULL, NULL, '5805725677');
INSERT INTO public.databasechangelog (id, author, filename, dateexecuted, orderexecuted, exectype, md5sum, description, comments, tag, liquibase, contexts, labels, deployment_id) VALUES ('workflow-jpa-dbcreate', 'dyuen (generated)', 'migrations.1.4.0.xml', '2018-05-08 14:55:38.19353', 98, 'EXECUTED', NULL, 'addColumn tableName=workflow', '', NULL, '3.5.4', NULL, NULL, '5805738146');
INSERT INTO public.databasechangelog (id, author, filename, dateexecuted, orderexecuted, exectype, md5sum, description, comments, tag, liquibase, contexts, labels, deployment_id) VALUES ('workflow-jpa-dbupdate', 'dyuen (generated)', 'migrations.1.4.0.xml', '2018-05-08 14:56:29.326949', 99, 'EXECUTED', NULL, 'addColumn tableName=workflow', '', NULL, '3.5.4', NULL, NULL, '5805789307');
INSERT INTO public.databasechangelog (id, author, filename, dateexecuted, orderexecuted, exectype, md5sum, description, comments, tag, liquibase, contexts, labels, deployment_id) VALUES ('tool-jpa-dbcreate', 'dyuen (generated)', 'migrations.1.4.0.xml', '2018-05-08 14:56:29.337498', 100, 'EXECUTED', NULL, 'addColumn tableName=tool', '', NULL, '3.5.4', NULL, NULL, '5805789307');
INSERT INTO public.databasechangelog (id, author, filename, dateexecuted, orderexecuted, exectype, md5sum, description, comments, tag, liquibase, contexts, labels, deployment_id) VALUES ('tool-jpa-dbupdate', 'dyuen (generated)', 'migrations.1.4.0.xml', '2018-05-08 14:56:29.342906', 101, 'EXECUTED', NULL, 'addColumn tableName=tool', '', NULL, '3.5.4', NULL, NULL, '5805789307');
INSERT INTO public.databasechangelog (id, author, filename, dateexecuted, orderexecuted, exectype, md5sum, description, comments, tag, liquibase, contexts, labels, deployment_id) VALUES ('more-dates', 'dyuen (generated)', 'migrations.1.4.0.xml', '2018-05-08 14:56:29.347776', 102, 'EXECUTED', NULL, 'addColumn tableName=usergroup; addColumn tableName=label; addColumn tableName=sourcefile; addColumn tableName=token; addColumn tableName=enduser; addColumn tableName=workflowversion; addColumn tableName=tag', '', NULL, '3.5.4', NULL, NULL, '5805789307');
INSERT INTO public.databasechangelog (id, author, filename, dateexecuted, orderexecuted, exectype, md5sum, description, comments, tag, liquibase, contexts, labels, deployment_id) VALUES ('mutate-tool-modified-timestamp', 'dyuen', 'migrations.1.4.0.xml', '2018-05-08 14:56:29.353405', 103, 'EXECUTED', NULL, 'sql', '', NULL, '3.5.4', NULL, NULL, '5805789307');
INSERT INTO public.databasechangelog (id, author, filename, dateexecuted, orderexecuted, exectype, md5sum, description, comments, tag, liquibase, contexts, labels, deployment_id) VALUES ('mutate-workflow-modified-timestamp', 'dyuen', 'migrations.1.4.0.xml', '2018-05-08 14:56:29.359052', 104, 'EXECUTED', NULL, 'sql', '', NULL, '3.5.4', NULL, NULL, '5805789307');
INSERT INTO public.databasechangelog (id, author, filename, dateexecuted, orderexecuted, exectype, md5sum, description, comments, tag, liquibase, contexts, labels, deployment_id) VALUES ('1520436537629-2', 'aduncan (generated)', 'migrations.1.4.0.xml', '2018-05-08 14:56:29.365063', 105, 'EXECUTED', NULL, 'addForeignKeyConstraint baseTableName=workflow, constraintName=fk_checkerid_with_workflow, referencedTableName=workflow', '', NULL, '3.5.4', NULL, NULL, '5805789307');
INSERT INTO public.databasechangelog (id, author, filename, dateexecuted, orderexecuted, exectype, md5sum, description, comments, tag, liquibase, contexts, labels, deployment_id) VALUES ('1520436537629-3', 'aduncan (generated)', 'migrations.1.4.0.xml', '2018-05-08 14:56:29.370068', 106, 'EXECUTED', NULL, 'addForeignKeyConstraint baseTableName=tool, constraintName=fk_checkerid_with_tool, referencedTableName=workflow', '', NULL, '3.5.4', NULL, NULL, '5805789307');
INSERT INTO public.databasechangelog (id, author, filename, dateexecuted, orderexecuted, exectype, md5sum, description, comments, tag, liquibase, contexts, labels, deployment_id) VALUES ('constraint-for-underscore-workflow-and-tool-names', 'agduncan', 'migrations.1.4.0.xml', '2018-05-08 14:56:29.375101', 107, 'EXECUTED', NULL, 'sql; sql; sql', '', NULL, '3.5.4', NULL, NULL, '5805789307');
INSERT INTO public.databasechangelog (id, author, filename, dateexecuted, orderexecuted, exectype, md5sum, description, comments, tag, liquibase, contexts, labels, deployment_id) VALUES ('fix_rogue_git_urls', 'dyuen', 'migrations.1.4.0.xml', '2018-05-08 14:56:29.38177', 108, 'EXECUTED', NULL, 'sql', '', NULL, '3.5.4', NULL, NULL, '5805789307');
INSERT INTO public.databasechangelog (id, author, filename, dateexecuted, orderexecuted, exectype, md5sum, description, comments, tag, liquibase, contexts, labels, deployment_id) VALUES ('drop-toolname-null-constraint-update-check-constraint', 'agduncan', 'migrations.1.4.0.xml', '2018-05-08 14:56:29.38747', 109, 'EXECUTED', NULL, 'dropNotNullConstraint columnName=toolname, tableName=tool; dropDefaultValue columnName=toolname, tableName=tool; sql; sql', '', NULL, '3.5.4', NULL, NULL, '5805789307');
INSERT INTO public.databasechangelog (id, author, filename, dateexecuted, orderexecuted, exectype, md5sum, description, comments, tag, liquibase, contexts, labels, deployment_id) VALUES ('create reference type', 'dyuen (generated)', 'migrations.1.5.0.xml', '2018-05-08 14:35:17.274028', 80, 'EXECUTED', '8:b9a4a9e63f7b21ccf6ae5cf8454434b7', 'addColumn tableName=tag; addColumn tableName=workflowversion; addNotNullConstraint columnName=referencetype, tableName=tag; addNotNullConstraint columnName=referencetype, tableName=workflowversion', '', NULL, '3.5.4', NULL, NULL, '5804517195');
INSERT INTO public.databasechangelog (id, author, filename, dateexecuted, orderexecuted, exectype, md5sum, description, comments, tag, liquibase, contexts, labels, deployment_id) VALUES ('create-fileformat-tables', 'gluu (generated)', 'migrations.1.5.0.xml', '2018-06-04 13:59:33.962975', 110, 'EXECUTED', '8:64c63671f484bce20ec364ce4807a008', 'createTable tableName=fileformat; createTable tableName=version_input_fileformat; createTable tableName=version_output_fileformat; addUniqueConstraint constraintName=unique_fileformat, tableName=fileformat; addForeignKeyConstraint baseTableName=ve...', '', NULL, '3.5.4', NULL, NULL, '8135173906');
INSERT INTO public.databasechangelog (id, author, filename, dateexecuted, orderexecuted, exectype, md5sum, description, comments, tag, liquibase, contexts, labels, deployment_id) VALUES ('version editor', 'dyuen (generated)', 'migrations.1.5.0.xml', '2018-06-04 13:59:33.974563', 111, 'EXECUTED', '8:1ec3a3efcf37baeeec67c49704866c08', 'addColumn tableName=tag; addColumn tableName=workflowversion; addForeignKeyConstraint baseTableName=workflowversion, constraintName=versionEditorForWorkflows, referencedTableName=enduser; addForeignKeyConstraint baseTableName=tag, constraintName=v...', '', NULL, '3.5.4', NULL, NULL, '8135173906');
INSERT INTO public.databasechangelog (id, author, filename, dateexecuted, orderexecuted, exectype, md5sum, description, comments, tag, liquibase, contexts, labels, deployment_id) VALUES ('add commit ids to versions', 'dyuen (generated)', 'migrations.1.5.0.xml', '2018-06-04 13:59:33.980369', 112, 'EXECUTED', '8:5cf40942991bd2d78d893f0224f4cce7', 'addColumn tableName=tag; addColumn tableName=workflowversion', '', NULL, '3.5.4', NULL, NULL, '8135173906');
INSERT INTO public.databasechangelog (id, author, filename, dateexecuted, orderexecuted, exectype, md5sum, description, comments, tag, liquibase, contexts, labels, deployment_id) VALUES ('verification_metadata', 'dyuen (generated)', 'migrations.1.5.0.xml', '2018-06-13 13:56:14.527219', 113, 'EXECUTED', '8:1d7e6d4405dd59e110644214ad1f3930', 'createTable tableName=sourcefile_verified; addColumn tableName=enduser; addForeignKeyConstraint baseTableName=sourcefile_verified, constraintName=foreign_key, referencedTableName=sourcefile', '', NULL, '3.5.4', NULL, NULL, '8912574484');
INSERT INTO public.databasechangelog (id, author, filename, dateexecuted, orderexecuted, exectype, md5sum, description, comments, tag, liquibase, contexts, labels, deployment_id) VALUES ('move-github-profile-to-user_profile-table', 'gluu (generated)', 'migrations.1.5.0.xml', '2021-12-10 14:19:56.819247', 114, 'EXECUTED', '8:ab55eecb83e53433da1b80224eeebf80', 'createTable tableName=user_profile; sql; addForeignKeyConstraint baseTableName=user_profile, constraintName=fk_id_with_user_profile, referencedTableName=enduser; dropColumn columnName=bio, tableName=enduser; dropColumn columnName=company, tableNam...', '', NULL, '3.10.3', NULL, NULL, '9163996248');
INSERT INTO public.databasechangelog (id, author, filename, dateexecuted, orderexecuted, exectype, md5sum, description, comments, tag, liquibase, contexts, labels, deployment_id) VALUES ('entry aliases', 'dyuen (generated)', 'migrations.1.5.0.xml', '2021-12-10 14:19:56.853579', 115, 'EXECUTED', '8:9c7b28e00ccec8232ea92ff2e1a296cd', 'createTable tableName=entry_alias; addUniqueConstraint constraintName=aliases_are_unique, tableName=entry_alias', '', NULL, '3.10.3', NULL, NULL, '9163996248');
INSERT INTO public.databasechangelog (id, author, filename, dateexecuted, orderexecuted, exectype, md5sum, description, comments, tag, liquibase, contexts, labels, deployment_id) VALUES ('date_more_tables', 'dyuen (generated)', 'migrations.1.5.0.xml', '2021-12-10 14:19:56.880904', 116, 'EXECUTED', '8:2c05cf7fc1c914245ab26ea8c7634708', 'addColumn tableName=sourcefile_verified; addColumn tableName=entry_alias; addColumn tableName=sourcefile_verified; addColumn tableName=entry_alias', '', NULL, '3.10.3', NULL, NULL, '9163996248');
INSERT INTO public.databasechangelog (id, author, filename, dateexecuted, orderexecuted, exectype, md5sum, description, comments, tag, liquibase, contexts, labels, deployment_id) VALUES ('migrate-legacy-verification-information', 'gluu', 'migrations.1.5.0.xml', '2021-12-10 14:19:56.905066', 117, 'EXECUTED', '8:c5ff95ac3a254f700afaed850c596ec1', 'sql; sql', '', NULL, '3.10.3', NULL, NULL, '9163996248');
INSERT INTO public.databasechangelog (id, author, filename, dateexecuted, orderexecuted, exectype, md5sum, description, comments, tag, liquibase, contexts, labels, deployment_id) VALUES ('no-orphaned-tokens', 'gluu', 'migrations.1.5.0.xml', '2021-12-10 14:19:56.924739', 118, 'EXECUTED', '8:f0d6ca85cdc7871f8689b29cce43493c', 'sql; addForeignKeyConstraint baseTableName=token, constraintName=fk_userid_with_enduser, referencedTableName=enduser', '', NULL, '3.10.3', NULL, NULL, '9163996248');
INSERT INTO public.databasechangelog (id, author, filename, dateexecuted, orderexecuted, exectype, md5sum, description, comments, tag, liquibase, contexts, labels, deployment_id) VALUES ('namechanged', 'dyuen (generated)', 'migrations.1.5.0.xml', '2021-12-10 14:19:56.980953', 119, 'EXECUTED', '8:277c79bb491e54ac757966777ee2005c', 'addColumn tableName=enduser; addColumn tableName=user_profile; addUniqueConstraint constraintName=username_unique, tableName=enduser; sql; sql; addUniqueConstraint constraintName=one_sign_in_method_by_profile, tableName=user_profile; addUniqueCons...', 'migrate existing usernames to profiles based on whether or not they have an
        @'' as a proxy for whether they are from github or google', NULL, '3.10.3', NULL, NULL, '9163996248');
INSERT INTO public.databasechangelog (id, author, filename, dateexecuted, orderexecuted, exectype, md5sum, description, comments, tag, liquibase, contexts, labels, deployment_id) VALUES ('changeNextflowToNFL', 'agduncan', 'migrations.1.5.0.xml', '2021-12-10 14:19:56.997121', 120, 'EXECUTED', '8:0d27cfa39db74ae7908b63cc96323a2b', 'sql', '', NULL, '3.10.3', NULL, NULL, '9163996248');
INSERT INTO public.databasechangelog (id, author, filename, dateexecuted, orderexecuted, exectype, md5sum, description, comments, tag, liquibase, contexts, labels, deployment_id) VALUES ('addSourcefileAbsolutePath', 'agduncan', 'migrations.1.5.0.xml', '2021-12-10 14:19:57.018149', 121, 'EXECUTED', '8:78262ceac123f90e5ca4c2a181848233', 'addColumn tableName=sourcefile; sql', '', NULL, '3.10.3', NULL, NULL, '9163996248');
INSERT INTO public.databasechangelog (id, author, filename, dateexecuted, orderexecuted, exectype, md5sum, description, comments, tag, liquibase, contexts, labels, deployment_id) VALUES ('addPlatformVersionToSourcefileVerified', 'gluu (generated)', 'migrations.1.6.0.xml', '2021-12-10 14:19:57.037703', 122, 'EXECUTED', '8:e40eff8a1c553ee080cfaa0b72328fa3', 'addColumn tableName=sourcefile_verified', '', NULL, '3.10.3', NULL, NULL, '9163996248');
INSERT INTO public.databasechangelog (id, author, filename, dateexecuted, orderexecuted, exectype, md5sum, description, comments, tag, liquibase, contexts, labels, deployment_id) VALUES ('addOrganisationTable', 'aduncan (generated)', 'migrations.1.6.0.xml', '2021-12-10 14:19:57.070229', 123, 'EXECUTED', '8:ea4952bacf3204e5a41b6eb5288a5ccb', 'createSequence sequenceName=organisation_id_seq; createTable tableName=organisation', '', NULL, '3.10.3', NULL, NULL, '9163996248');
INSERT INTO public.databasechangelog (id, author, filename, dateexecuted, orderexecuted, exectype, md5sum, description, comments, tag, liquibase, contexts, labels, deployment_id) VALUES ('addOrganisationUserTable', 'aduncan (generated)', 'migrations.1.6.0.xml', '2021-12-10 14:19:57.090563', 124, 'EXECUTED', '8:c399d2f2a36d38706c9f2b44f738588e', 'createTable tableName=organisation_user', '', NULL, '3.10.3', NULL, NULL, '9163996248');
INSERT INTO public.databasechangelog (id, author, filename, dateexecuted, orderexecuted, exectype, md5sum, description, comments, tag, liquibase, contexts, labels, deployment_id) VALUES ('uniqueNameForOrgs', 'aduncan (generated)', 'migrations.1.6.0.xml', '2021-12-10 14:19:57.110787', 125, 'EXECUTED', '8:cb4c01387d3326997cf51d3b5fc223f2', 'addUniqueConstraint constraintName=nameUK, tableName=organisation', '', NULL, '3.10.3', NULL, NULL, '9163996248');
INSERT INTO public.databasechangelog (id, author, filename, dateexecuted, orderexecuted, exectype, md5sum, description, comments, tag, liquibase, contexts, labels, deployment_id) VALUES ('addUsernameChangeRequiredColumn', 'natalieperez (generated)', 'migrations.1.12.0.xml', '2021-12-10 14:20:00.490844', 267, 'EXECUTED', '8:2fdf3e5d5a81ae009ae07e0806770962', 'addColumn tableName=enduser', '', NULL, '3.10.3', NULL, NULL, '9163996248');
INSERT INTO public.databasechangelog (id, author, filename, dateexecuted, orderexecuted, exectype, md5sum, description, comments, tag, liquibase, contexts, labels, deployment_id) VALUES ('addOrganisationFKToOrgUser', 'aduncan (generated)', 'migrations.1.6.0.xml', '2021-12-10 14:19:57.127443', 126, 'EXECUTED', '8:8e0a8ae35a23b6fd86de51f26ed2279e', 'addForeignKeyConstraint baseTableName=organisation_user, constraintName=orgFKOrgUser, referencedTableName=organisation', '', NULL, '3.10.3', NULL, NULL, '9163996248');
INSERT INTO public.databasechangelog (id, author, filename, dateexecuted, orderexecuted, exectype, md5sum, description, comments, tag, liquibase, contexts, labels, deployment_id) VALUES ('addUserFKToOrgUser', 'aduncan (generated)', 'migrations.1.6.0.xml', '2021-12-10 14:19:57.1431', 127, 'EXECUTED', '8:30417e0c3590d7ad73922f1a9c3eabd7', 'addForeignKeyConstraint baseTableName=organisation_user, constraintName=userFKOrgUser, referencedTableName=enduser', '', NULL, '3.10.3', NULL, NULL, '9163996248');
INSERT INTO public.databasechangelog (id, author, filename, dateexecuted, orderexecuted, exectype, md5sum, description, comments, tag, liquibase, contexts, labels, deployment_id) VALUES ('dropEndUserGroupFK1', 'aduncan (generated)', 'migrations.1.6.0.xml', '2021-12-10 14:19:57.16108', 128, 'EXECUTED', '8:c72e394564ddeb26800490494722c01c', 'dropForeignKeyConstraint baseTableName=endusergroup, constraintName=fkm0exig2r3dsxqafwaraf7rnr3', '', NULL, '3.10.3', NULL, NULL, '9163996248');
INSERT INTO public.databasechangelog (id, author, filename, dateexecuted, orderexecuted, exectype, md5sum, description, comments, tag, liquibase, contexts, labels, deployment_id) VALUES ('dropEndUserGroupFK2', 'aduncan (generated)', 'migrations.1.6.0.xml', '2021-12-10 14:19:57.177442', 129, 'EXECUTED', '8:bdbb29bc791901da7cc87558a959da4d', 'dropForeignKeyConstraint baseTableName=endusergroup, constraintName=fkrxn6hh2max4sk4ceehyv7mt2e', '', NULL, '3.10.3', NULL, NULL, '9163996248');
INSERT INTO public.databasechangelog (id, author, filename, dateexecuted, orderexecuted, exectype, md5sum, description, comments, tag, liquibase, contexts, labels, deployment_id) VALUES ('dropEndUserGroupTable', 'aduncan (generated)', 'migrations.1.6.0.xml', '2021-12-10 14:19:57.192449', 130, 'EXECUTED', '8:cef4a3826422bc42031bbb154b285765', 'dropTable tableName=endusergroup', '', NULL, '3.10.3', NULL, NULL, '9163996248');
INSERT INTO public.databasechangelog (id, author, filename, dateexecuted, orderexecuted, exectype, md5sum, description, comments, tag, liquibase, contexts, labels, deployment_id) VALUES ('dropUserGroupTable', 'aduncan (generated)', 'migrations.1.6.0.xml', '2021-12-10 14:19:57.208468', 131, 'EXECUTED', '8:0ac3aabe1932244c2df916c1961af751', 'dropTable tableName=usergroup', '', NULL, '3.10.3', NULL, NULL, '9163996248');
INSERT INTO public.databasechangelog (id, author, filename, dateexecuted, orderexecuted, exectype, md5sum, description, comments, tag, liquibase, contexts, labels, deployment_id) VALUES ('createEventsTable', 'aduncan (generated)', 'migrations.1.6.0.xml', '2021-12-10 14:19:57.230095', 132, 'EXECUTED', '8:8df3abca68905baf712a6288e980891c', 'createSequence sequenceName=event_id_seq; createTable tableName=event', '', NULL, '3.10.3', NULL, NULL, '9163996248');
INSERT INTO public.databasechangelog (id, author, filename, dateexecuted, orderexecuted, exectype, md5sum, description, comments, tag, liquibase, contexts, labels, deployment_id) VALUES ('addOrganisationFKEvent', 'aduncan (generated)', 'migrations.1.6.0.xml', '2021-12-10 14:19:57.246491', 133, 'EXECUTED', '8:23e9d0abaf2f2c16c0d1992509df8199', 'addForeignKeyConstraint baseTableName=event, constraintName=fkOrganisationId, referencedTableName=organisation', '', NULL, '3.10.3', NULL, NULL, '9163996248');
INSERT INTO public.databasechangelog (id, author, filename, dateexecuted, orderexecuted, exectype, md5sum, description, comments, tag, liquibase, contexts, labels, deployment_id) VALUES ('addInitiatorUserFKEvent', 'aduncan (generated)', 'migrations.1.6.0.xml', '2021-12-10 14:19:57.263973', 134, 'EXECUTED', '8:ad5d35777b18210fde1b25d793307b53', 'addForeignKeyConstraint baseTableName=event, constraintName=FKInitiatorUserId, referencedTableName=enduser', '', NULL, '3.10.3', NULL, NULL, '9163996248');
INSERT INTO public.databasechangelog (id, author, filename, dateexecuted, orderexecuted, exectype, md5sum, description, comments, tag, liquibase, contexts, labels, deployment_id) VALUES ('addToolFKEvent', 'aduncan (generated)', 'migrations.1.6.0.xml', '2021-12-10 14:19:57.280418', 135, 'EXECUTED', '8:ee5bc3d61ada4e8c4bf5537d46503c3b', 'addForeignKeyConstraint baseTableName=event, constraintName=FKToolId, referencedTableName=tool', '', NULL, '3.10.3', NULL, NULL, '9163996248');
INSERT INTO public.databasechangelog (id, author, filename, dateexecuted, orderexecuted, exectype, md5sum, description, comments, tag, liquibase, contexts, labels, deployment_id) VALUES ('addUserFKEvent', 'aduncan (generated)', 'migrations.1.6.0.xml', '2021-12-10 14:19:57.295116', 136, 'EXECUTED', '8:ac94a7540ae27855c96559d56a4ac58c', 'addForeignKeyConstraint baseTableName=event, constraintName=FKUserId, referencedTableName=enduser', '', NULL, '3.10.3', NULL, NULL, '9163996248');
INSERT INTO public.databasechangelog (id, author, filename, dateexecuted, orderexecuted, exectype, md5sum, description, comments, tag, liquibase, contexts, labels, deployment_id) VALUES ('addWorkflowFKEvent', 'aduncan (generated)', 'migrations.1.6.0.xml', '2021-12-10 14:19:57.310533', 137, 'EXECUTED', '8:12b0129ee0c06b63a155c72b12a0da2a', 'addForeignKeyConstraint baseTableName=event, constraintName=FKWorkflowId, referencedTableName=workflow', '', NULL, '3.10.3', NULL, NULL, '9163996248');
INSERT INTO public.databasechangelog (id, author, filename, dateexecuted, orderexecuted, exectype, md5sum, description, comments, tag, liquibase, contexts, labels, deployment_id) VALUES ('createCollectionTable', 'aduncan (generated)', 'migrations.1.6.0.xml', '2021-12-10 14:19:57.337059', 138, 'EXECUTED', '8:4b7a54d90429dc5a91e9fbc9c0e9e6ea', 'createSequence sequenceName=collection_id_seq; createTable tableName=collection', '', NULL, '3.10.3', NULL, NULL, '9163996248');
INSERT INTO public.databasechangelog (id, author, filename, dateexecuted, orderexecuted, exectype, md5sum, description, comments, tag, liquibase, contexts, labels, deployment_id) VALUES ('createCollectionEntryTable', 'aduncan (generated)', 'migrations.1.6.0.xml', '2021-12-10 14:19:57.356836', 139, 'EXECUTED', '8:493ae6dad1145045cd115ebe9f24673d', 'createTable tableName=collection_entry', '', NULL, '3.10.3', NULL, NULL, '9163996248');
INSERT INTO public.databasechangelog (id, author, filename, dateexecuted, orderexecuted, exectype, md5sum, description, comments, tag, liquibase, contexts, labels, deployment_id) VALUES ('addCollectionNameConstraint', 'aduncan (generated)', 'migrations.1.6.0.xml', '2021-12-10 14:19:57.375543', 140, 'EXECUTED', '8:6a554385e511b997c6c7bae042581cf1', 'addUniqueConstraint constraintName=uk_collectionName, tableName=collection', '', NULL, '3.10.3', NULL, NULL, '9163996248');
INSERT INTO public.databasechangelog (id, author, filename, dateexecuted, orderexecuted, exectype, md5sum, description, comments, tag, liquibase, contexts, labels, deployment_id) VALUES ('addOrgIdFKConstraint', 'aduncan (generated)', 'migrations.1.6.0.xml', '2021-12-10 14:19:57.391635', 141, 'EXECUTED', '8:ce9917f8b7e4624326f079f9f7f6730b', 'addForeignKeyConstraint baseTableName=collection, constraintName=fk_orgIdInCollection, referencedTableName=organisation', '', NULL, '3.10.3', NULL, NULL, '9163996248');
INSERT INTO public.databasechangelog (id, author, filename, dateexecuted, orderexecuted, exectype, md5sum, description, comments, tag, liquibase, contexts, labels, deployment_id) VALUES ('1addCollectionIdFKConstraint', 'aduncan (generated)', 'migrations.1.6.0.xml', '2021-12-10 14:19:57.407817', 142, 'EXECUTED', '8:75f01f875624ab747a83b3509e3d9268', 'addForeignKeyConstraint baseTableName=collection_entry, constraintName=fk_collectionIdInCollectionEntry, referencedTableName=collection', '', NULL, '3.10.3', NULL, NULL, '9163996248');
INSERT INTO public.databasechangelog (id, author, filename, dateexecuted, orderexecuted, exectype, md5sum, description, comments, tag, liquibase, contexts, labels, deployment_id) VALUES ('addCollectionColumnToEvent', 'aduncan (generated)', 'migrations.1.6.0.xml', '2021-12-10 14:19:57.423251', 143, 'EXECUTED', '8:7fb4a92eb7eb11e70729ee213b5cea7c', 'addColumn tableName=event', '', NULL, '3.10.3', NULL, NULL, '9163996248');
INSERT INTO public.databasechangelog (id, author, filename, dateexecuted, orderexecuted, exectype, md5sum, description, comments, tag, liquibase, contexts, labels, deployment_id) VALUES ('addCollectionFKEvent', 'aduncan (generated)', 'migrations.1.6.0.xml', '2021-12-10 14:19:57.439312', 144, 'EXECUTED', '8:d35a57e54fe7b35bca7ff1d7db69f39f', 'addForeignKeyConstraint baseTableName=event, constraintName=fk_collectionIdInEvent, referencedTableName=collection', '', NULL, '3.10.3', NULL, NULL, '9163996248');
INSERT INTO public.databasechangelog (id, author, filename, dateexecuted, orderexecuted, exectype, md5sum, description, comments, tag, liquibase, contexts, labels, deployment_id) VALUES ('addTopicToOrganisation', 'aduncan (generated)', 'migrations.1.6.0.xml', '2021-12-10 14:19:57.454515', 145, 'EXECUTED', '8:a0ed190ca24bb250596519a36bac2aae', 'addColumn tableName=organisation', '', NULL, '3.10.3', NULL, NULL, '9163996248');
INSERT INTO public.databasechangelog (id, author, filename, dateexecuted, orderexecuted, exectype, md5sum, description, comments, tag, liquibase, contexts, labels, deployment_id) VALUES ('AddValidationTable', 'aduncan', 'migrations.1.6.0.xml', '2021-12-10 14:19:57.479209', 146, 'EXECUTED', '8:ccb9e5b793e575ca962a69166304664b', 'createSequence sequenceName=validation_id_seq; createTable tableName=validation', '', NULL, '3.10.3', NULL, NULL, '9163996248');
INSERT INTO public.databasechangelog (id, author, filename, dateexecuted, orderexecuted, exectype, md5sum, description, comments, tag, liquibase, contexts, labels, deployment_id) VALUES ('AddValidationJoinTable', 'aduncan', 'migrations.1.6.0.xml', '2021-12-10 14:19:57.497527', 147, 'EXECUTED', '8:e836f2f492464f481b2f274c52faf0a5', 'createTable tableName=version_validation', '', NULL, '3.10.3', NULL, NULL, '9163996248');
INSERT INTO public.databasechangelog (id, author, filename, dateexecuted, orderexecuted, exectype, md5sum, description, comments, tag, liquibase, contexts, labels, deployment_id) VALUES ('AddJoinValidationConstraint', 'aduncan', 'migrations.1.6.0.xml', '2021-12-10 14:19:57.514', 148, 'EXECUTED', '8:66ae8f4ed3fd8970acd516c88929a68b', 'addUniqueConstraint constraintName=uk_validationid, tableName=version_validation', '', NULL, '3.10.3', NULL, NULL, '9163996248');
INSERT INTO public.databasechangelog (id, author, filename, dateexecuted, orderexecuted, exectype, md5sum, description, comments, tag, liquibase, contexts, labels, deployment_id) VALUES ('AddValidationIdConstraint', 'aduncan', 'migrations.1.6.0.xml', '2021-12-10 14:19:57.529124', 149, 'EXECUTED', '8:864b0348bcc350f1a964ce2dbb5558d0', 'addForeignKeyConstraint baseTableName=version_validation, constraintName=fkvalidationid, referencedTableName=validation', '', NULL, '3.10.3', NULL, NULL, '9163996248');
INSERT INTO public.databasechangelog (id, author, filename, dateexecuted, orderexecuted, exectype, md5sum, description, comments, tag, liquibase, contexts, labels, deployment_id) VALUES ('AddNotNullAbsolutePathConstraint', 'coverbeck', 'migrations.1.6.0.xml', '2021-12-10 14:19:57.546937', 150, 'EXECUTED', '8:c75aff65fb5b912537566d6e53497663', 'update tableName=sourcefile; addNotNullConstraint columnName=absolutepath, tableName=sourcefile', '', NULL, '3.10.3', NULL, NULL, '9163996248');
INSERT INTO public.databasechangelog (id, author, filename, dateexecuted, orderexecuted, exectype, md5sum, description, comments, tag, liquibase, contexts, labels, deployment_id) VALUES ('AddStatusColumnToOrganisations', 'aduncan', 'migrations.1.6.0.xml', '2021-12-10 14:19:57.561524', 151, 'EXECUTED', '8:3b56b7ea4add67143821a2031d9203b6', 'addColumn tableName=organisation', '', NULL, '3.10.3', NULL, NULL, '9163996248');
INSERT INTO public.databasechangelog (id, author, filename, dateexecuted, orderexecuted, exectype, md5sum, description, comments, tag, liquibase, contexts, labels, deployment_id) VALUES ('constraintOrgNames', 'dyuen', 'migrations.1.6.0.xml', '2021-12-10 14:19:57.578002', 152, 'EXECUTED', '8:ac31c4c27941ba00a77599d04c8c0952', 'sql', '', NULL, '3.10.3', NULL, NULL, '9163996248');
INSERT INTO public.databasechangelog (id, author, filename, dateexecuted, orderexecuted, exectype, md5sum, description, comments, tag, liquibase, contexts, labels, deployment_id) VALUES ('dropOldApprovedFieldFromOrganisations', 'aduncan', 'migrations.1.6.0.xml', '2021-12-10 14:19:57.59293', 153, 'EXECUTED', '8:211e31ffdfb39d51a89ff82531c86022', 'dropColumn columnName=approved, tableName=organisation', '', NULL, '3.10.3', NULL, NULL, '9163996248');
INSERT INTO public.databasechangelog (id, author, filename, dateexecuted, orderexecuted, exectype, md5sum, description, comments, tag, liquibase, contexts, labels, deployment_id) VALUES ('renameAllOrganization', 'dyuen', 'migrations.1.6.0.xml', '2021-12-10 14:19:57.621864', 154, 'EXECUTED', '8:9e72ea1337ed59a4224556d8d3d4bca3', 'renameTable newTableName=organization, oldTableName=organisation; renameTable newTableName=organization_user, oldTableName=organisation_user; renameColumn newColumnName=organizationid, oldColumnName=organisationid, tableName=organization_user; ren...', '', NULL, '3.10.3', NULL, NULL, '9163996248');
INSERT INTO public.databasechangelog (id, author, filename, dateexecuted, orderexecuted, exectype, md5sum, description, comments, tag, liquibase, contexts, labels, deployment_id) VALUES ('addAvatarurlColumnToOrganizations', 'NatalieEO', 'migrations.1.6.0.xml', '2021-12-10 14:19:57.637983', 155, 'EXECUTED', '8:145fa7e92a21951262efd3ed5573cd81', 'addColumn tableName=organization', '', NULL, '3.10.3', NULL, NULL, '9163996248');
INSERT INTO public.databasechangelog (id, author, filename, dateexecuted, orderexecuted, exectype, md5sum, description, comments, tag, liquibase, contexts, labels, deployment_id) VALUES ('addTopic', 'gluu (generated)', 'migrations.1.12.0.xml', '2021-12-10 14:20:00.511126', 268, 'EXECUTED', '8:2b2758606c8982de8de3d485c3a5d08e', 'addColumn tableName=apptool; addColumn tableName=service; addColumn tableName=tool; addColumn tableName=workflow', '', NULL, '3.10.3', NULL, NULL, '9163996248');
INSERT INTO public.databasechangelog (id, author, filename, dateexecuted, orderexecuted, exectype, md5sum, description, comments, tag, liquibase, contexts, labels, deployment_id) VALUES ('maintain_consistency', 'dyuen', 'migrations.1.6.0.xml', '2021-12-10 14:19:57.675672', 156, 'EXECUTED', '8:c11c29f74bb5b8fbd266d81a7fd1ae92', 'modifyDataType columnName=name, tableName=organization; modifyDataType columnName=type, tableName=validation; modifyDataType columnName=message, tableName=validation', '', NULL, '3.10.3', NULL, NULL, '9163996248');
INSERT INTO public.databasechangelog (id, author, filename, dateexecuted, orderexecuted, exectype, md5sum, description, comments, tag, liquibase, contexts, labels, deployment_id) VALUES ('collection_alias', 'dyuen', 'migrations.1.6.0.xml', '2021-12-10 14:19:57.704955', 157, 'EXECUTED', '8:c2279a3fd137e068b6d13d2bd2789ebe', 'createTable tableName=collection_alias; addUniqueConstraint constraintName=unique_col_aliases, tableName=collection_alias; addForeignKeyConstraint baseTableName=collection_alias, constraintName=fk_collection_alias, referencedTableName=collection', '', NULL, '3.10.3', NULL, NULL, '9163996248');
INSERT INTO public.databasechangelog (id, author, filename, dateexecuted, orderexecuted, exectype, md5sum, description, comments, tag, liquibase, contexts, labels, deployment_id) VALUES ('1551127767692-2', 'dyuen (generated)', 'migrations.1.6.0.xml', '2021-12-10 14:19:57.734578', 158, 'EXECUTED', '8:c3f3f66a977ca53d7f47b7b3c086012f', 'createTable tableName=organzation_alias; addUniqueConstraint constraintName=unique_org_aliases, tableName=organzation_alias; addForeignKeyConstraint baseTableName=organzation_alias, constraintName=fk_organzation_alias, referencedTableName=organiza...', '', NULL, '3.10.3', NULL, NULL, '9163996248');
INSERT INTO public.databasechangelog (id, author, filename, dateexecuted, orderexecuted, exectype, md5sum, description, comments, tag, liquibase, contexts, labels, deployment_id) VALUES ('addDisplayNameToOrganization', 'aduncan', 'migrations.1.6.0.xml', '2021-12-10 14:19:57.748228', 159, 'EXECUTED', '8:267a6a4b84a6859312039cb7cd9ec1f1', 'addColumn tableName=organization', '', NULL, '3.10.3', NULL, NULL, '9163996248');
INSERT INTO public.databasechangelog (id, author, filename, dateexecuted, orderexecuted, exectype, md5sum, description, comments, tag, liquibase, contexts, labels, deployment_id) VALUES ('addDisplayNameToOrganizationUniqueConstraint', 'aduncan', 'migrations.1.6.0.xml', '2021-12-10 14:19:57.76689', 160, 'EXECUTED', '8:fe295a000fd4b33eb52e8f1b6659b011', 'update tableName=organization; addUniqueConstraint constraintName=uk_orgDisplayName, tableName=organization', '', NULL, '3.10.3', NULL, NULL, '9163996248');
INSERT INTO public.databasechangelog (id, author, filename, dateexecuted, orderexecuted, exectype, md5sum, description, comments, tag, liquibase, contexts, labels, deployment_id) VALUES ('addDisplayNameToCollection', 'aduncan (generated)', 'migrations.1.6.0.xml', '2021-12-10 14:19:57.781675', 161, 'EXECUTED', '8:a0238d433862b61f564c9dd25db47aa0', 'addColumn tableName=collection', '', NULL, '3.10.3', NULL, NULL, '9163996248');
INSERT INTO public.databasechangelog (id, author, filename, dateexecuted, orderexecuted, exectype, md5sum, description, comments, tag, liquibase, contexts, labels, deployment_id) VALUES ('addDisplayNameToCollectionUniqueConstraint', 'aduncan (generated)', 'migrations.1.6.0.xml', '2021-12-10 14:19:57.80251', 162, 'EXECUTED', '8:48196f04ced66f02a91143356d6d2a5a', 'update tableName=collection; addUniqueConstraint constraintName=uk_collDisplayName, tableName=collection', '', NULL, '3.10.3', NULL, NULL, '9163996248');
INSERT INTO public.databasechangelog (id, author, filename, dateexecuted, orderexecuted, exectype, md5sum, description, comments, tag, liquibase, contexts, labels, deployment_id) VALUES ('addTopicToCollection', 'aduncan', 'migrations.1.6.0.xml', '2021-12-10 14:19:57.816258', 163, 'EXECUTED', '8:fed498b531d9b3c07afbc0958b998ec9', 'addColumn tableName=collection', '', NULL, '3.10.3', NULL, NULL, '9163996248');
INSERT INTO public.databasechangelog (id, author, filename, dateexecuted, orderexecuted, exectype, md5sum, description, comments, tag, liquibase, contexts, labels, deployment_id) VALUES ('addHostedEntryCountlimitToUser', 'charlesoverbeck (generated)', 'migrations.1.6.0.xml', '2021-12-10 14:19:57.829534', 164, 'EXECUTED', '8:4f388bb02e539166723be760d203e13c', 'addColumn tableName=enduser', '', NULL, '3.10.3', NULL, NULL, '9163996248');
INSERT INTO public.databasechangelog (id, author, filename, dateexecuted, orderexecuted, exectype, md5sum, description, comments, tag, liquibase, contexts, labels, deployment_id) VALUES ('addHostedEntryVersionsLimitToUser', 'charlesoverbeck (generated)', 'migrations.1.6.0.xml', '2021-12-10 14:19:57.840688', 165, 'EXECUTED', '8:4d738f07abbcb831dadf552b569538b5', 'addColumn tableName=enduser', '', NULL, '3.10.3', NULL, NULL, '9163996248');
INSERT INTO public.databasechangelog (id, author, filename, dateexecuted, orderexecuted, exectype, md5sum, description, comments, tag, liquibase, contexts, labels, deployment_id) VALUES ('constraintColNames', 'dyuen', 'migrations.1.6.0.xml', '2021-12-10 14:19:57.863478', 166, 'EXECUTED', '8:ea4424f1a565e0b48cefd3df9244632f', 'dropUniqueConstraint constraintName=uk_collectionName, tableName=collection; dropUniqueConstraint constraintName=nameUK, tableName=organization; sql', '', NULL, '3.10.3', NULL, NULL, '9163996248');
INSERT INTO public.databasechangelog (id, author, filename, dateexecuted, orderexecuted, exectype, md5sum, description, comments, tag, liquibase, contexts, labels, deployment_id) VALUES ('organization_alias_rename', 'dyuen', 'migrations.1.6.0.xml', '2021-12-10 14:19:57.877603', 167, 'EXECUTED', '8:0400dc30c3bf8c8740fcaea47673310e', 'renameTable newTableName=organization_alias, oldTableName=organzation_alias', '', NULL, '3.10.3', NULL, NULL, '9163996248');
INSERT INTO public.databasechangelog (id, author, filename, dateexecuted, orderexecuted, exectype, md5sum, description, comments, tag, liquibase, contexts, labels, deployment_id) VALUES ('fixAbsolutePath', 'aduncan', 'migrations.1.6.0.xml', '2021-12-10 14:19:57.892884', 168, 'EXECUTED', '8:8212724a5df44c0217496a696828d955', 'sql', '', NULL, '3.10.3', NULL, NULL, '9163996248');
INSERT INTO public.databasechangelog (id, author, filename, dateexecuted, orderexecuted, exectype, md5sum, description, comments, tag, liquibase, contexts, labels, deployment_id) VALUES ('checkAbsolutePath', 'gluu', 'migrations.1.6.0.xml', '2021-12-10 14:19:57.90631', 169, 'EXECUTED', '8:fb9195871b17be1d1ae3d0e2ffffb7ff', 'sql', '', NULL, '3.10.3', NULL, NULL, '9163996248');
INSERT INTO public.databasechangelog (id, author, filename, dateexecuted, orderexecuted, exectype, md5sum, description, comments, tag, liquibase, contexts, labels, deployment_id) VALUES ('epicAbsolutePathFix', 'dyuen', 'migrations.1.6.0.xml', '2021-12-10 14:19:57.930096', 170, 'EXECUTED', '8:725a0f7aec67c27e62e28c19615afcde', 'sql; sql', '', NULL, '3.10.3', NULL, NULL, '9163996248');
INSERT INTO public.databasechangelog (id, author, filename, dateexecuted, orderexecuted, exectype, md5sum, description, comments, tag, liquibase, contexts, labels, deployment_id) VALUES ('addToolTopicId', 'aduncan', 'migrations.1.7.0.xml', '2021-12-10 14:19:57.945777', 171, 'EXECUTED', '8:ec4c49dadb6f4a923924e89214bc97b1', 'addColumn tableName=tool', '', NULL, '3.10.3', NULL, NULL, '9163996248');
INSERT INTO public.databasechangelog (id, author, filename, dateexecuted, orderexecuted, exectype, md5sum, description, comments, tag, liquibase, contexts, labels, deployment_id) VALUES ('addWorkflowTopicId', 'aduncan', 'migrations.1.7.0.xml', '2021-12-10 14:19:57.95907', 172, 'EXECUTED', '8:970ca0506d05b180bbaf1c953b146bfb', 'addColumn tableName=workflow', '', NULL, '3.10.3', NULL, NULL, '9163996248');
INSERT INTO public.databasechangelog (id, author, filename, dateexecuted, orderexecuted, exectype, md5sum, description, comments, tag, liquibase, contexts, labels, deployment_id) VALUES ('addStarredOrganizations', 'louisecabansay (generated)', 'migrations.1.7.0.xml', '2021-12-10 14:19:57.978071', 173, 'EXECUTED', '8:4cd131bd15a70daba5c675af33a1f800', 'createTable tableName=starred_organizations', '', NULL, '3.10.3', NULL, NULL, '9163996248');
INSERT INTO public.databasechangelog (id, author, filename, dateexecuted, orderexecuted, exectype, md5sum, description, comments, tag, liquibase, contexts, labels, deployment_id) VALUES ('addUserIdStarOrgConstratint', 'louisecabansay (generated)', 'migrations.1.7.0.xml', '2021-12-10 14:19:57.994157', 174, 'EXECUTED', '8:4eecbe70d33354090cb35a312c7c81ed', 'addForeignKeyConstraint baseTableName=starred_organizations, constraintName=fk_userIdStarredOrganizations, referencedTableName=enduser', '', NULL, '3.10.3', NULL, NULL, '9163996248');
INSERT INTO public.databasechangelog (id, author, filename, dateexecuted, orderexecuted, exectype, md5sum, description, comments, tag, liquibase, contexts, labels, deployment_id) VALUES ('addOrganizationIdStarOrgConstratint', 'louisecabansay (generated)', 'migrations.1.7.0.xml', '2021-12-10 14:19:58.009419', 175, 'EXECUTED', '8:6f17b6d1909132581786f66564d7c169', 'addForeignKeyConstraint baseTableName=starred_organizations, constraintName=fk_organizationIdStarredOrganizations, referencedTableName=organization', '', NULL, '3.10.3', NULL, NULL, '9163996248');
INSERT INTO public.databasechangelog (id, author, filename, dateexecuted, orderexecuted, exectype, md5sum, description, comments, tag, liquibase, contexts, labels, deployment_id) VALUES ('services', 'dyuen (generated)', 'migrations.1.7.0.xml', '2021-12-10 14:19:58.038991', 176, 'EXECUTED', '8:f1285f768acc3d5097269da63438d051', 'createTable tableName=service; addForeignKeyConstraint baseTableName=service, constraintName=checker_workflows_for_services, referencedTableName=workflow; addColumn tableName=workflowversion; dropForeignKeyConstraint baseTableName=workflow_workflo...', '', NULL, '3.10.3', NULL, NULL, '9163996248');
INSERT INTO public.databasechangelog (id, author, filename, dateexecuted, orderexecuted, exectype, md5sum, description, comments, tag, liquibase, contexts, labels, deployment_id) VALUES ('example_default_path_general_for_tools', 'dyuen (generated)', 'migrations.1.7.0.xml', '2021-12-10 14:19:58.131438', 177, 'EXECUTED', '8:4debfab5e7f18fabcde10c4fc1aff2ff', 'createTable tableName=entry_defaultpaths; addUniqueConstraint constraintName=unique_paths, tableName=entry_defaultpaths; addPrimaryKey constraintName=entry_defaultpaths_pkey, tableName=entry_defaultpaths; sql; dropColumn columnName=defaultdockerfi...', '', NULL, '3.10.3', NULL, NULL, '9163996248');
INSERT INTO public.databasechangelog (id, author, filename, dateexecuted, orderexecuted, exectype, md5sum, description, comments, tag, liquibase, contexts, labels, deployment_id) VALUES ('addCommentsForEntryTimestamps', 'natalieperez (generated)', 'migrations.1.7.0.xml', '2021-12-10 14:19:58.184491', 178, 'EXECUTED', '8:46ea6440b21c5bd607da903b1bb7c43d', 'setColumnRemarks columnName=dbcreatedate, tableName=tag; setColumnRemarks columnName=dbcreatedate, tableName=tool; setColumnRemarks columnName=dbcreatedate, tableName=workflow; setColumnRemarks columnName=dbcreatedate, tableName=workflowversion; s...', '', NULL, '3.10.3', NULL, NULL, '9163996248');
INSERT INTO public.databasechangelog (id, author, filename, dateexecuted, orderexecuted, exectype, md5sum, description, comments, tag, liquibase, contexts, labels, deployment_id) VALUES ('changeLastBuildColumnName', 'natalieperez (generated)', 'migrations.1.7.0.xml', '2021-12-10 14:19:58.206486', 179, 'EXECUTED', '8:8ed660396a878108e0ac87aa2f19e593', 'renameColumn newColumnName=lastbuilt, oldColumnName=lastmodified, tableName=tag; setColumnRemarks columnName=lastbuilt, tableName=tag; sql', '', NULL, '3.10.3', NULL, NULL, '9163996248');
INSERT INTO public.databasechangelog (id, author, filename, dateexecuted, orderexecuted, exectype, md5sum, description, comments, tag, liquibase, contexts, labels, deployment_id) VALUES ('dyuen', 'frozen', 'migrations.1.7.0.xml', '2021-12-10 14:19:58.27656', 180, 'EXECUTED', '8:d5e2d30c7ad02c6d44f185e4baa3cd5e', 'addColumn tableName=tag; addColumn tableName=workflowversion; addColumn tableName=sourcefile; sql', '', NULL, '3.10.3', NULL, NULL, '9163996248');
INSERT INTO public.databasechangelog (id, author, filename, dateexecuted, orderexecuted, exectype, md5sum, description, comments, tag, liquibase, contexts, labels, deployment_id) VALUES ('modifyable version metadata', 'dyuen', 'migrations.1.7.0.xml', '2021-12-10 14:19:58.331624', 181, 'EXECUTED', '8:15a22a6c1433e027f7fdf16e325a2c85', 'createTable tableName=version_metadata; sql; dropColumn columnName=doistatus, tableName=tag; dropColumn columnName=doistatus, tableName=workflowversion; dropColumn columnName=doiurl, tableName=tag; dropColumn columnName=doiurl, tableName=workflowv...', '', NULL, '3.10.3', NULL, NULL, '9163996248');
INSERT INTO public.databasechangelog (id, author, filename, dateexecuted, orderexecuted, exectype, md5sum, description, comments, tag, liquibase, contexts, labels, deployment_id) VALUES ('remove_weird_fk_constraints', 'aduncan', 'migrations.1.7.0.xml', '2021-12-10 14:19:58.357187', 182, 'EXECUTED', '8:13e89864c7aa5c5ac7bb8c67a44af915', 'sql; sql', '', NULL, '3.10.3', NULL, NULL, '9163996248');
INSERT INTO public.databasechangelog (id, author, filename, dateexecuted, orderexecuted, exectype, md5sum, description, comments, tag, liquibase, contexts, labels, deployment_id) VALUES ('add_path_constraint_to_service', 'aduncan', 'migrations.1.7.0.xml', '2021-12-10 14:19:58.381579', 183, 'EXECUTED', '8:2c148b7921694e0707645f4cadff02b8', 'sql; sql', '', NULL, '3.10.3', NULL, NULL, '9163996248');
INSERT INTO public.databasechangelog (id, author, filename, dateexecuted, orderexecuted, exectype, md5sum, description, comments, tag, liquibase, contexts, labels, deployment_id) VALUES ('bannable_users', 'dyuen', 'migrations.1.7.0.xml', '2021-12-10 14:19:58.398226', 184, 'EXECUTED', '8:087a65e3905ce2ee13b773795b9894b6', 'addColumn tableName=enduser', '', NULL, '3.10.3', NULL, NULL, '9163996248');
INSERT INTO public.databasechangelog (id, author, filename, dateexecuted, orderexecuted, exectype, md5sum, description, comments, tag, liquibase, contexts, labels, deployment_id) VALUES ('privacy policy and TOS', 'natalieperez (generated)', 'migrations.1.7.0.xml', '2021-12-10 14:19:58.421923', 185, 'EXECUTED', '8:73b674e631e0492e5521869876eb5b75', 'addColumn tableName=enduser; addColumn tableName=enduser; addColumn tableName=enduser; addColumn tableName=enduser', '', NULL, '3.10.3', NULL, NULL, '9163996248');
INSERT INTO public.databasechangelog (id, author, filename, dateexecuted, orderexecuted, exectype, md5sum, description, comments, tag, liquibase, contexts, labels, deployment_id) VALUES ('createBlacklistedVersionNames', 'gluu (generated)', 'migrations.1.7.0.xml', '2021-12-10 14:19:58.440602', 186, 'EXECUTED', '8:16e2167a41b8a28bf91a48d55687fa35', 'createTable tableName=entry_blacklistedversionnames', '', NULL, '3.10.3', NULL, NULL, '9163996248');
INSERT INTO public.databasechangelog (id, author, filename, dateexecuted, orderexecuted, exectype, md5sum, description, comments, tag, liquibase, contexts, labels, deployment_id) VALUES ('fix_checker_workflow_publish_mismatch', 'aduncan', 'migrations.1.7.0.xml', '2021-12-10 14:19:58.465135', 187, 'EXECUTED', '8:d6f44fa738d4daf06d4ce77cd2d139c0', 'sql; sql; sql; sql', '', NULL, '3.10.3', NULL, NULL, '9163996248');
INSERT INTO public.databasechangelog (id, author, filename, dateexecuted, orderexecuted, exectype, md5sum, description, comments, tag, liquibase, contexts, labels, deployment_id) VALUES ('wdlValidationMessageAppend', 'agduncan', 'migrations.1.7.0.xml', '2021-12-10 14:19:58.480663', 188, 'EXECUTED', '8:6a25aebd985b31fe7d6989ccae1d1c84', 'sql', '', NULL, '3.10.3', NULL, NULL, '9163996248');
INSERT INTO public.databasechangelog (id, author, filename, dateexecuted, orderexecuted, exectype, md5sum, description, comments, tag, liquibase, contexts, labels, deployment_id) VALUES ('unlimitedAvatarUrlLength', 'gluu (generated)', 'migrations.1.7.0.xml', '2021-12-10 14:19:58.495605', 189, 'EXECUTED', '8:7a0825624dd800c9840c9ffb7e793251', 'modifyDataType columnName=avatarurl, tableName=enduser', '', NULL, '3.10.3', NULL, NULL, '9163996248');
INSERT INTO public.databasechangelog (id, author, filename, dateexecuted, orderexecuted, exectype, md5sum, description, comments, tag, liquibase, contexts, labels, deployment_id) VALUES ('add_service', 'gluu', 'migrations.test.add_service_1.7.0.xml', '2021-12-10 14:19:58.664174', 190, 'EXECUTED', '8:e6395d4de1f1947413b0db5fc5c409f9', 'insert tableName=entry_defaultpaths; insert tableName=service; insert tableName=sourcefile; insert tableName=sourcefile; insert tableName=sourcefile; insert tableName=sourcefile; insert tableName=sourcefile; insert tableName=sourcefile; insert tab...', '', NULL, '3.10.3', NULL, NULL, '9163996248');
INSERT INTO public.databasechangelog (id, author, filename, dateexecuted, orderexecuted, exectype, md5sum, description, comments, tag, liquibase, contexts, labels, deployment_id) VALUES ('alter_test_user', 'natalieperez', 'migrations.test.alter_test_user_1.10.2.xml', '2021-12-10 14:19:58.678536', 191, 'EXECUTED', '8:6f248e5be1b1a67010d8cad334032bdf', 'update tableName=enduser', '', NULL, '3.10.3', NULL, NULL, '9163996248');
INSERT INTO public.databasechangelog (id, author, filename, dateexecuted, orderexecuted, exectype, md5sum, description, comments, tag, liquibase, contexts, labels, deployment_id) VALUES ('alter_test_curator_user', 'natalieperez', 'migrations.test.alter_test_user_1.10.2.xml', '2021-12-10 14:19:58.692102', 192, 'EXECUTED', '8:4cce538e5b2f1cea2705bd674ddffa3a', 'update tableName=enduser', '', NULL, '3.10.3', NULL, NULL, '9163996248');
INSERT INTO public.databasechangelog (id, author, filename, dateexecuted, orderexecuted, exectype, md5sum, description, comments, tag, liquibase, contexts, labels, deployment_id) VALUES ('supportconceptDOI', 'waltershands (generated)', 'migrations.1.8.0.xml', '2021-12-10 14:19:58.711849', 193, 'EXECUTED', '8:aaa47628a8d87938e85f2f71446651b2', 'addColumn tableName=service; addColumn tableName=tool; addColumn tableName=workflow', '', NULL, '3.10.3', NULL, NULL, '9163996248');
INSERT INTO public.databasechangelog (id, author, filename, dateexecuted, orderexecuted, exectype, md5sum, description, comments, tag, liquibase, contexts, labels, deployment_id) VALUES ('frozen join table', 'coverbeck', 'migrations.1.8.0.xml', '2021-12-10 14:19:58.739167', 194, 'EXECUTED', '8:85e7133ae2112de1af997379167d9637', 'sql', '', NULL, '3.10.3', NULL, NULL, '9163996248');
INSERT INTO public.databasechangelog (id, author, filename, dateexecuted, orderexecuted, exectype, md5sum, description, comments, tag, liquibase, contexts, labels, deployment_id) VALUES ('supportworkflowalias', 'waltershands (generated)', 'migrations.1.8.0.xml', '2021-12-10 14:19:58.769745', 195, 'EXECUTED', '8:e4662adff90c9f2407d404636775d096', 'createTable tableName=workflowversion_alias; addUniqueConstraint constraintName=workflow_version_aliases_are_unique, tableName=workflowversion_alias; addForeignKeyConstraint baseTableName=workflowversion_alias, constraintName=fk_workflowversion_al...', '', NULL, '3.10.3', NULL, NULL, '9163996248');
INSERT INTO public.databasechangelog (id, author, filename, dateexecuted, orderexecuted, exectype, md5sum, description, comments, tag, liquibase, contexts, labels, deployment_id) VALUES ('create_images_checksums', 'natalieperez (generated)', 'migrations.1.8.0.xml', '2021-12-10 14:19:58.806438', 196, 'EXECUTED', '8:6eabf4422ea68e87c104b1aa00cc3e14', 'createTable tableName=entry_version_image; createSequence sequenceName=image_id_seq; createTable tableName=image; addUniqueConstraint constraintName=uk_imageid, tableName=entry_version_image; addForeignKeyConstraint baseTableName=entry_version_ima...', '', NULL, '3.10.3', NULL, NULL, '9163996248');
INSERT INTO public.databasechangelog (id, author, filename, dateexecuted, orderexecuted, exectype, md5sum, description, comments, tag, liquibase, contexts, labels, deployment_id) VALUES ('addVersionMetadata', 'gluu (generated)', 'migrations.1.8.0.xml', '2021-12-10 14:19:58.825607', 197, 'EXECUTED', '8:f393fe73dbb120a498eacda2bb6317cc', 'addColumn tableName=version_metadata; addColumn tableName=version_metadata; addColumn tableName=version_metadata; addColumn tableName=version_metadata', '', NULL, '3.10.3', NULL, NULL, '9163996248');
INSERT INTO public.databasechangelog (id, author, filename, dateexecuted, orderexecuted, exectype, md5sum, description, comments, tag, liquibase, contexts, labels, deployment_id) VALUES ('remove_all_stubs', 'agduncan', 'migrations.1.8.0.xml', '2021-12-10 14:19:58.845581', 198, 'EXECUTED', '8:44f30421c4689498cf609acdcac68957', 'sql', '', NULL, '3.10.3', NULL, NULL, '9163996248');
INSERT INTO public.databasechangelog (id, author, filename, dateexecuted, orderexecuted, exectype, md5sum, description, comments, tag, liquibase, contexts, labels, deployment_id) VALUES ('notifications', 'esoth', 'migrations.1.8.0.xml', '2021-12-10 14:19:58.87018', 199, 'EXECUTED', '8:3a7a79437788eedfff6d94e459097159', 'createSequence sequenceName=notification_id_seq; createTable tableName=notification', '', NULL, '3.10.3', NULL, NULL, '9163996248');
INSERT INTO public.databasechangelog (id, author, filename, dateexecuted, orderexecuted, exectype, md5sum, description, comments, tag, liquibase, contexts, labels, deployment_id) VALUES ('set_null_db_times', 'aduncan', 'migrations.1.8.0.xml', '2021-12-10 14:19:58.924325', 200, 'EXECUTED', '8:078ecf3436d6d7d30921d75855494f58', 'sql; update tableName=tool; update tableName=tool; sql; update tableName=tag; update tableName=tag; sql; update tableName=workflow; update tableName=workflow; sql; update tableName=workflowversion; update tableName=workflowversion', '', NULL, '3.10.3', NULL, NULL, '9163996248');
INSERT INTO public.databasechangelog (id, author, filename, dateexecuted, orderexecuted, exectype, md5sum, description, comments, tag, liquibase, contexts, labels, deployment_id) VALUES ('add-not-null-db-dates', 'aduncan', 'migrations.1.8.0.xml', '2021-12-10 14:19:58.959796', 201, 'EXECUTED', '8:af59af88bab5700b8b210fc19d3a7821', 'addNotNullConstraint columnName=dbcreatedate, tableName=workflow; addNotNullConstraint columnName=dbupdatedate, tableName=workflow; addNotNullConstraint columnName=dbcreatedate, tableName=service; addNotNullConstraint columnName=dbupdatedate, tabl...', '', NULL, '3.10.3', NULL, NULL, '9163996248');
INSERT INTO public.databasechangelog (id, author, filename, dateexecuted, orderexecuted, exectype, md5sum, description, comments, tag, liquibase, contexts, labels, deployment_id) VALUES ('restructure_workflowversions', 'dyuen', 'migrations.1.8.0.xml', '2021-12-10 14:19:58.999825', 202, 'EXECUTED', '8:c9c61d9f212c5fafb1e1a9383dea1eb0', 'addColumn tableName=tag; addColumn tableName=workflowversion; sql; dropForeignKeyConstraint baseTableName=tool_tag, constraintName=fkjkn6qubuvn25bun52eqjleyl6; dropForeignKeyConstraint baseTableName=tool_tag, constraintName=fkjtsjg6jdnwxoeicd27ujm...', '', NULL, '3.10.3', NULL, NULL, '9163996248');
INSERT INTO public.databasechangelog (id, author, filename, dateexecuted, orderexecuted, exectype, md5sum, description, comments, tag, liquibase, contexts, labels, deployment_id) VALUES ('cleanup invalid content', 'dyuen', 'migrations.1.8.0.xml', '2021-12-10 14:19:59.070559', 203, 'EXECUTED', '8:6463616dd0c538a5e9d4728cd0805860', 'sql; delete tableName=tag; delete tableName=workflowversion; sql; sql; sql; sql; sql; sql; sql; sql; sql; sql', 'some orphaned versions are protected by security
delete the versions that are orphaned already
migrate content from join tables into tag and workflowversion tables
Delete the source files of deleted tags and versions.
Delete references from versio...', NULL, '3.10.3', NULL, NULL, '9163996248');
INSERT INTO public.databasechangelog (id, author, filename, dateexecuted, orderexecuted, exectype, md5sum, description, comments, tag, liquibase, contexts, labels, deployment_id) VALUES ('lock_versions_down', 'dyuen', 'migrations.1.8.0.xml', '2021-12-10 14:19:59.118706', 204, 'EXECUTED', '8:4431289dbfe8d3b2b378394046cee14f', 'addNotNullConstraint columnName=parentid, constraintName=parent_id_not_nullable, tableName=tag; addNotNullConstraint columnName=parentid, constraintName=parent_id_not_nullable, tableName=workflowversion; addUniqueConstraint constraintName=unique_t...', '', NULL, '3.10.3', NULL, NULL, '9163996248');
INSERT INTO public.databasechangelog (id, author, filename, dateexecuted, orderexecuted, exectype, md5sum, description, comments, tag, liquibase, contexts, labels, deployment_id) VALUES ('addVersionToEvent', 'gluu (generated)', 'migrations.1.9.0.xml', '2021-12-10 14:19:59.132104', 205, 'EXECUTED', '8:0c8e0f77478370035e34d48d38263c3c', 'addColumn tableName=event', '', NULL, '3.10.3', NULL, NULL, '9163996248');
INSERT INTO public.databasechangelog (id, author, filename, dateexecuted, orderexecuted, exectype, md5sum, description, comments, tag, liquibase, contexts, labels, deployment_id) VALUES ('removeVersionEventsWithoutVersions', '', 'migrations.1.9.0.xml', '2021-12-10 14:19:59.143904', 206, 'EXECUTED', '8:b78dce45f5881f93180f422ec5ba47c3', 'delete tableName=event', '', NULL, '3.10.3', NULL, NULL, '9163996248');
INSERT INTO public.databasechangelog (id, author, filename, dateexecuted, orderexecuted, exectype, md5sum, description, comments, tag, liquibase, contexts, labels, deployment_id) VALUES ('AddSubclassColumnToServicesAndWorkflows', 'aduncan (generated)', 'migrations.1.9.0.xml', '2021-12-10 14:19:59.159887', 207, 'EXECUTED', '8:3a7ab639e050c895c3a3975296a7a7a4', 'addColumn tableName=service; addColumn tableName=workflow', '', NULL, '3.10.3', NULL, NULL, '9163996248');
INSERT INTO public.databasechangelog (id, author, filename, dateexecuted, orderexecuted, exectype, md5sum, description, comments, tag, liquibase, contexts, labels, deployment_id) VALUES ('changeFilePathsToText', 'gluu (generated)', 'migrations.1.9.0.xml', '2021-12-10 14:19:59.181518', 208, 'EXECUTED', '8:afe66a5e94fba6a10b480b20c7c0e64b', 'modifyDataType columnName=path, tableName=entry_defaultpaths; modifyDataType columnName=path, tableName=sourcefile; modifyDataType columnName=absolutepath, tableName=sourcefile', '', NULL, '3.10.3', NULL, NULL, '9163996248');
INSERT INTO public.databasechangelog (id, author, filename, dateexecuted, orderexecuted, exectype, md5sum, description, comments, tag, liquibase, contexts, labels, deployment_id) VALUES ('addLegacyVersionColumn', 'aduncan (generated)', 'migrations.1.9.0.xml', '2021-12-10 14:19:59.201071', 209, 'EXECUTED', '8:ae2404404f5219f482eff89566c1429a', 'addColumn tableName=workflowversion; sql', '', NULL, '3.10.3', NULL, NULL, '9163996248');
INSERT INTO public.databasechangelog (id, author, filename, dateexecuted, orderexecuted, exectype, md5sum, description, comments, tag, liquibase, contexts, labels, deployment_id) VALUES ('addImageRegistryColumnToImageTable', 'natalieperez (generated)', 'migrations.1.9.0.xml', '2021-12-10 14:19:59.214019', 210, 'EXECUTED', '8:3cf8c8a1406d856fb9f4f4ba49f7ed08', 'addColumn tableName=image', '', NULL, '3.10.3', NULL, NULL, '9163996248');
INSERT INTO public.databasechangelog (id, author, filename, dateexecuted, orderexecuted, exectype, md5sum, description, comments, tag, liquibase, contexts, labels, deployment_id) VALUES ('makeIsLegacyVersionNotNullable', 'Charles Overbeck', 'migrations.1.9.0.xml', '2021-12-10 14:19:59.237038', 211, 'EXECUTED', '8:9674088e2a4cfdb34060dbe6f8a46abf', 'sql; sql; sql; addDefaultValue columnName=islegacyversion, tableName=workflowversion; addNotNullConstraint columnName=islegacyversion, tableName=workflowversion', 'Frozen versions are protected by security
Because of row-level security, line 57 left nulls in frozen versions', NULL, '3.10.3', NULL, NULL, '9163996248');
INSERT INTO public.databasechangelog (id, author, filename, dateexecuted, orderexecuted, exectype, md5sum, description, comments, tag, liquibase, contexts, labels, deployment_id) VALUES ('addChecksumColumntoSourceFile', 'natalieperez (generated)', 'migrations.1.9.0.xml', '2021-12-10 14:19:59.251059', 212, 'EXECUTED', '8:283c85b05ef8b67b275c943d5aa98474', 'addColumn tableName=sourcefile', '', NULL, '3.10.3', NULL, NULL, '9163996248');
INSERT INTO public.databasechangelog (id, author, filename, dateexecuted, orderexecuted, exectype, md5sum, description, comments, tag, liquibase, contexts, labels, deployment_id) VALUES ('addDockerHubColumnsToImages', 'natalieperez (generated)', 'migrations.1.9.0.xml', '2021-12-10 14:19:59.266666', 213, 'EXECUTED', '8:9cfe45b37f26b1dc00e6d550f60fd045', 'addColumn tableName=image; addColumn tableName=image', '', NULL, '3.10.3', NULL, NULL, '9163996248');
INSERT INTO public.databasechangelog (id, author, filename, dateexecuted, orderexecuted, exectype, md5sum, description, comments, tag, liquibase, contexts, labels, deployment_id) VALUES ('addUserOrcidIDColumn', 'esoth (generated)', 'migrations.1.9.0.xml', '2021-12-10 14:19:59.278895', 214, 'EXECUTED', '8:caa42dbf4da9817d7448632bdc26e39c', 'addColumn tableName=enduser', '', NULL, '3.10.3', NULL, NULL, '9163996248');
INSERT INTO public.databasechangelog (id, author, filename, dateexecuted, orderexecuted, exectype, md5sum, description, comments, tag, liquibase, contexts, labels, deployment_id) VALUES ('addNewDefaultVersionColumn', 'gluu (generated)', 'migrations.1.9.0.xml', '2021-12-10 14:19:59.349263', 215, 'EXECUTED', '8:60775ca45a5459ae2d519c08e576eb77', 'addColumn tableName=service; addColumn tableName=workflow; addColumn tableName=tool; addForeignKeyConstraint baseTableName=workflow, constraintName=fk_workflow_default_workflowversion, referencedTableName=workflowversion; addForeignKeyConstraint b...', '', NULL, '3.10.3', NULL, NULL, '9163996248');
INSERT INTO public.databasechangelog (id, author, filename, dateexecuted, orderexecuted, exectype, md5sum, description, comments, tag, liquibase, contexts, labels, deployment_id) VALUES ('removeOldDefaultVersionColumn', 'gluu (generated)', 'migrations.1.9.0.xml', '2021-12-10 14:19:59.366495', 216, 'EXECUTED', '8:cb318bfe07d209ad568f56d6c96f191c', 'dropColumn columnName=defaultversion, tableName=service; dropColumn columnName=defaultversion, tableName=tool; dropColumn columnName=defaultversion, tableName=workflow', '', NULL, '3.10.3', NULL, NULL, '9163996248');
INSERT INTO public.databasechangelog (id, author, filename, dateexecuted, orderexecuted, exectype, md5sum, description, comments, tag, liquibase, contexts, labels, deployment_id) VALUES ('dagAndToolTableJsonColumnsToWorkflowVersion', 'natalieperez (generated)', 'migrations.1.9.0.xml', '2021-12-10 14:19:59.382539', 217, 'EXECUTED', '8:6483c274e3915af7b06fd717dcde2083', 'addColumn tableName=workflowversion; addColumn tableName=workflowversion', '', NULL, '3.10.3', NULL, NULL, '9163996248');
INSERT INTO public.databasechangelog (id, author, filename, dateexecuted, orderexecuted, exectype, md5sum, description, comments, tag, liquibase, contexts, labels, deployment_id) VALUES ('removeServiceMode', 'aduncan', 'migrations.1.9.0.xml', '2021-12-10 14:19:59.396408', 218, 'EXECUTED', '8:1cc2828680db1bc345ec4a7af0aaf375', 'sql', '', NULL, '3.10.3', NULL, NULL, '9163996248');
INSERT INTO public.databasechangelog (id, author, filename, dateexecuted, orderexecuted, exectype, md5sum, description, comments, tag, liquibase, contexts, labels, deployment_id) VALUES ('addLambdaEvents', 'aduncan (generated)', 'migrations.1.9.0.xml', '2021-12-10 14:19:59.425796', 219, 'EXECUTED', '8:6d6c4b61daa2e419f56f2af3de7de469', 'createSequence sequenceName=lambdaevent_id_seq; createTable tableName=lambdaevent; addForeignKeyConstraint baseTableName=lambdaevent, constraintName=fkj387wwrofm9u30t4mwiiwa835, referencedTableName=enduser', '', NULL, '3.10.3', NULL, NULL, '9163996248');
INSERT INTO public.databasechangelog (id, author, filename, dateexecuted, orderexecuted, exectype, md5sum, description, comments, tag, liquibase, contexts, labels, deployment_id) VALUES ('splitLambdaEventRepository', 'aduncan', 'migrations.1.9.0.xml', '2021-12-10 14:19:59.441976', 220, 'EXECUTED', '8:67af290b3bc9366f49643bf53c1fd8b8', 'addColumn tableName=lambdaevent; sql', '', NULL, '3.10.3', NULL, NULL, '9163996248');
INSERT INTO public.databasechangelog (id, author, filename, dateexecuted, orderexecuted, exectype, md5sum, description, comments, tag, liquibase, contexts, labels, deployment_id) VALUES ('addSyncedColumnToWorkflowVersion', 'aduncan', 'migrations.1.9.0.xml', '2021-12-10 14:19:59.458019', 221, 'EXECUTED', '8:66cd68cfb42bcfea1677b2e1b9f95a3a', 'addColumn tableName=workflowversion; sql', '', NULL, '3.10.3', NULL, NULL, '9163996248');
INSERT INTO public.databasechangelog (id, author, filename, dateexecuted, orderexecuted, exectype, md5sum, description, comments, tag, liquibase, contexts, labels, deployment_id) VALUES ('changeOrganizationUserRoles', 'natalieperez', 'migrations.1.9.0.xml', '2021-12-10 14:19:59.472481', 222, 'EXECUTED', '8:72173e39669b9c00e73882df1ba63616', 'sql', '', NULL, '3.10.3', NULL, NULL, '9163996248');
INSERT INTO public.databasechangelog (id, author, filename, dateexecuted, orderexecuted, exectype, md5sum, description, comments, tag, liquibase, contexts, labels, deployment_id) VALUES ('removeCheckerId', 'gluu', 'migrations.1.9.0.xml', '2021-12-10 14:19:59.488483', 223, 'EXECUTED', '8:413277996597aaa5502043ee5bc644fc', 'sql', '', NULL, '3.10.3', NULL, NULL, '9163996248');
INSERT INTO public.databasechangelog (id, author, filename, dateexecuted, orderexecuted, exectype, md5sum, description, comments, tag, liquibase, contexts, labels, deployment_id) VALUES ('uniqueCheckerId', 'gluu (generated)', 'migrations.1.9.0.xml', '2021-12-10 14:19:59.518615', 224, 'EXECUTED', '8:619d434a702923243ad8d476993d874a', 'addUniqueConstraint constraintName=uk_uniqueWorkflowCheckerId, tableName=workflow; addUniqueConstraint constraintName=uk_uniqueServiceCheckerId, tableName=service; addUniqueConstraint constraintName=uk_uniqueToolCheckerId, tableName=tool', '', NULL, '3.10.3', NULL, NULL, '9163996248');
INSERT INTO public.databasechangelog (id, author, filename, dateexecuted, orderexecuted, exectype, md5sum, description, comments, tag, liquibase, contexts, labels, deployment_id) VALUES ('adddescriptortypecolumn', 'natalieperez (generated)', 'migrations.1.10.0.xml', '2021-12-10 14:19:59.54278', 225, 'EXECUTED', '8:76af58d77508a69caf9fbd9ba3710d6b', 'addColumn tableName=tool; sql', '', NULL, '3.10.3', NULL, NULL, '9163996248');
INSERT INTO public.databasechangelog (id, author, filename, dateexecuted, orderexecuted, exectype, md5sum, description, comments, tag, liquibase, contexts, labels, deployment_id) VALUES ('add_parsed_information', 'gluu (generated)', 'migrations.1.10.0.xml', '2021-12-10 14:19:59.558634', 226, 'EXECUTED', '8:f23c2fd793417c7c346745e926fc0f05', 'createTable tableName=parsed_information; addForeignKeyConstraint baseTableName=parsed_information, constraintName=version_metadata_parsed_information_fk_constraint, referencedTableName=version_metadata', '', NULL, '3.10.3', NULL, NULL, '9163996248');
INSERT INTO public.databasechangelog (id, author, filename, dateexecuted, orderexecuted, exectype, md5sum, description, comments, tag, liquibase, contexts, labels, deployment_id) VALUES ('removeOrphanVersionMetadata', 'gluu', 'migrations.1.10.0.xml', '2021-12-10 14:19:59.570877', 227, 'EXECUTED', '8:71e0d8eb1ee183143a8d24658264e0aa', 'sql', '', NULL, '3.10.3', NULL, NULL, '9163996248');
INSERT INTO public.databasechangelog (id, author, filename, dateexecuted, orderexecuted, exectype, md5sum, description, comments, tag, liquibase, contexts, labels, deployment_id) VALUES ('addLicenseInformation', 'gluu (generated)', 'migrations.1.10.0.xml', '2021-12-10 14:19:59.588751', 228, 'EXECUTED', '8:e534400357b622caf90786ae5d5824ed', 'addColumn tableName=service; addColumn tableName=tool; addColumn tableName=workflow', '', NULL, '3.10.3', NULL, NULL, '9163996248');
INSERT INTO public.databasechangelog (id, author, filename, dateexecuted, orderexecuted, exectype, md5sum, description, comments, tag, liquibase, contexts, labels, deployment_id) VALUES ('notificationsCharLimit', 'nolwarre (generated)', 'migrations.1.10.0.xml', '2021-12-10 14:19:59.602299', 229, 'EXECUTED', '8:71042ed1f2776a723866dd8669ef9536', 'modifyDataType columnName=message, tableName=notification', '', NULL, '3.10.3', NULL, NULL, '9163996248');
INSERT INTO public.databasechangelog (id, author, filename, dateexecuted, orderexecuted, exectype, md5sum, description, comments, tag, liquibase, contexts, labels, deployment_id) VALUES ('addCollectionEntryVersion', 'gluu (generated)', 'migrations.1.10.0.xml', '2021-12-10 14:19:59.645308', 230, 'EXECUTED', '8:f1eb66290cace284cc6623c0f2775add', 'createTable tableName=collection_entry_version; addForeignKeyConstraint baseTableName=collection_entry_version, constraintName=fk_collection_entry_version, referencedTableName=collection; sql; dropForeignKeyConstraint baseTableName=collection_entr...', '', NULL, '3.10.3', NULL, NULL, '9163996248');
INSERT INTO public.databasechangelog (id, author, filename, dateexecuted, orderexecuted, exectype, md5sum, description, comments, tag, liquibase, contexts, labels, deployment_id) VALUES ('fixSevenBridgesImageLinks', 'gfjhogue', 'migrations.1.10.0.xml', '2021-12-10 14:19:59.661244', 231, 'EXECUTED', '8:32d13f2a8ba0534ae8cb3456abe7fe23', 'sql', '', NULL, '3.10.3', NULL, NULL, '9163996248');
INSERT INTO public.databasechangelog (id, author, filename, dateexecuted, orderexecuted, exectype, md5sum, description, comments, tag, liquibase, contexts, labels, deployment_id) VALUES ('workflowForumUrl', 'nzhao (generated)', 'migrations.1.10.0.xml', '2021-12-10 14:19:59.676574', 232, 'EXECUTED', '8:7aad0114af45547e2abed1acd5f377fd', 'addColumn tableName=service; addColumn tableName=workflow', '', NULL, '3.10.3', NULL, NULL, '9163996248');
INSERT INTO public.databasechangelog (id, author, filename, dateexecuted, orderexecuted, exectype, md5sum, description, comments, tag, liquibase, contexts, labels, deployment_id) VALUES ('changeForumUrlType', 'nzhao (generated)', 'migrations.1.10.0.xml', '2021-12-10 14:19:59.689542', 233, 'EXECUTED', '8:4fab1f485e0c0638ca00366244aebea0', 'modifyDataType columnName=forumurl, tableName=service; modifyDataType columnName=forumurl, tableName=workflow', '', NULL, '3.10.3', NULL, NULL, '9163996248');
INSERT INTO public.databasechangelog (id, author, filename, dateexecuted, orderexecuted, exectype, md5sum, description, comments, tag, liquibase, contexts, labels, deployment_id) VALUES ('addImageSizeAndUpdateDate', 'gluu (generated)', 'migrations.1.11.0.xml', '2021-12-10 14:19:59.702791', 234, 'EXECUTED', '8:f80567c09b5d5d10c403fd7944bea148', 'addColumn tableName=image; addColumn tableName=image', '', NULL, '3.10.3', NULL, NULL, '9163996248');
INSERT INTO public.databasechangelog (id, author, filename, dateexecuted, orderexecuted, exectype, md5sum, description, comments, tag, liquibase, contexts, labels, deployment_id) VALUES ('toolForumUrl', 'nzhao (generated)', 'migrations.1.11.0.xml', '2021-12-10 14:19:59.713056', 235, 'EXECUTED', '8:cbe8bffb2060501ea4d4702db452ba17', 'addColumn tableName=tool', '', NULL, '3.10.3', NULL, NULL, '9163996248');
INSERT INTO public.databasechangelog (id, author, filename, dateexecuted, orderexecuted, exectype, md5sum, description, comments, tag, liquibase, contexts, labels, deployment_id) VALUES ('deletedUsernameTable', 'natalieperez (generated)', 'migrations.1.11.0.xml', '2021-12-10 14:19:59.726184', 236, 'EXECUTED', '8:cf97165eebb697f69be152e2f5ef6611', 'createTable tableName=deletedusername', '', NULL, '3.10.3', NULL, NULL, '9163996248');
INSERT INTO public.databasechangelog (id, author, filename, dateexecuted, orderexecuted, exectype, md5sum, description, comments, tag, liquibase, contexts, labels, deployment_id) VALUES ('cloudInstanceAndLanguageTables', 'gluu (generated)', 'migrations.1.11.0.xml', '2021-12-10 14:19:59.755147', 237, 'EXECUTED', '8:699bd59fa8ee16ad13de66d98c8c486c', 'createTable tableName=cloud_instance; createTable tableName=cloudinstance_supportedlanguages; addForeignKeyConstraint baseTableName=cloudinstance_supportedlanguages, constraintName=fk_cloudinstance_supportedlanguages, referencedTableName=cloud_ins...', '', NULL, '3.10.3', NULL, NULL, '9163996248');
INSERT INTO public.databasechangelog (id, author, filename, dateexecuted, orderexecuted, exectype, md5sum, description, comments, tag, liquibase, contexts, labels, deployment_id) VALUES ('orcidPutCode', 'gluu (generated)', 'migrations.1.11.0.xml', '2021-12-10 14:19:59.781245', 238, 'EXECUTED', '8:e8f42fe8c47d320c5dce1a9702fa11a9', 'addColumn tableName=version_metadata; addColumn tableName=service; addColumn tableName=tool; addColumn tableName=workflow', '', NULL, '3.10.3', NULL, NULL, '9163996248');
INSERT INTO public.databasechangelog (id, author, filename, dateexecuted, orderexecuted, exectype, md5sum, description, comments, tag, liquibase, contexts, labels, deployment_id) VALUES ('input_output_fileformats_on_entry', 'natalieperez (generated)', 'migrations.1.11.0.xml', '2021-12-10 14:19:59.822543', 239, 'EXECUTED', '8:d3bcf8859445f657723f5ddc9f711050', 'createTable tableName=entry_output_fileformat; createTable tableName=entry_input_fileformat; addForeignKeyConstraint baseTableName=entry_output_fileformat, constraintName=fk_entry_ouput_fileformat, referencedTableName=fileformat; addForeignKeyCons...', '', NULL, '3.10.3', NULL, NULL, '9163996248');
INSERT INTO public.databasechangelog (id, author, filename, dateexecuted, orderexecuted, exectype, md5sum, description, comments, tag, liquibase, contexts, labels, deployment_id) VALUES ('orcidTokenExpansion', 'gluu (generated)', 'migrations.1.11.0.xml', '2021-12-10 14:19:59.875959', 240, 'EXECUTED', '8:feea931da3f561dcc6b6eaa8b1791b58', 'addColumn tableName=token; addColumn tableName=token; update tableName=token', '', NULL, '3.10.3', NULL, NULL, '9163996248');
INSERT INTO public.databasechangelog (id, author, filename, dateexecuted, orderexecuted, exectype, md5sum, description, comments, tag, liquibase, contexts, labels, deployment_id) VALUES ('date_more_things', 'dyuen (generated)', 'migrations.1.11.0.xml', '2021-12-10 14:19:59.912575', 241, 'EXECUTED', '8:378eaea45dd1ac6cbd69b7c4800b2d21', 'addColumn tableName=cloud_instance; addColumn tableName=cloudinstance_supportedlanguages; addColumn tableName=collection_entry_version; addColumn tableName=parsed_information; addColumn tableName=version_metadata; addColumn tableName=cloud_instanc...', '', NULL, '3.10.3', NULL, NULL, '9163996248');
INSERT INTO public.databasechangelog (id, author, filename, dateexecuted, orderexecuted, exectype, md5sum, description, comments, tag, liquibase, contexts, labels, deployment_id) VALUES ('standard_sequences', 'dyuen (generated)', 'migrations.1.11.0.xml', '2021-12-10 14:19:59.938139', 242, 'EXECUTED', '8:f374d10bc040997c657305c3b4789db0', 'alterSequence sequenceName=container_id_seq; alterSequence sequenceName=enduser_id_seq; alterSequence sequenceName=label_id_seq; alterSequence sequenceName=sourcefile_id_seq; alterSequence sequenceName=tag_id_seq; alterSequence sequenceName=token_...', '', NULL, '3.10.3', NULL, NULL, '9163996248');
INSERT INTO public.databasechangelog (id, author, filename, dateexecuted, orderexecuted, exectype, md5sum, description, comments, tag, liquibase, contexts, labels, deployment_id) VALUES ('existingORCIDScopeSet', 'gluu', 'migrations.1.11.0.xml', '2021-12-10 14:19:59.949889', 243, 'EXECUTED', '8:5f7621705463e96cc8561e0bd3aa13a6', 'update tableName=token', '', NULL, '3.10.3', NULL, NULL, '9163996248');
INSERT INTO public.databasechangelog (id, author, filename, dateexecuted, orderexecuted, exectype, md5sum, description, comments, tag, liquibase, contexts, labels, deployment_id) VALUES ('add_ids_from_github', 'natalieperez (generated)', 'migrations.1.11.0.xml', '2021-12-10 14:19:59.992523', 244, 'EXECUTED', '8:67730ca78b5b4d61aa2b5a002659aba0', 'addColumn tableName=user_profile; addColumn tableName=token; sql', '', NULL, '3.10.3', NULL, NULL, '9163996248');
INSERT INTO public.databasechangelog (id, author, filename, dateexecuted, orderexecuted, exectype, md5sum, description, comments, tag, liquibase, contexts, labels, deployment_id) VALUES ('fix_onlineprofileid_datatype', 'natalieperez (generated)', 'migrations.1.11.0.xml', '2021-12-10 14:20:00.045817', 245, 'EXECUTED', '8:ca6833532bd2011cd76b81bdd79af5af', 'sql; modifyDataType columnName=onlineprofileid, tableName=token; modifyDataType columnName=onlineprofileid, tableName=user_profile', '', NULL, '3.10.3', NULL, NULL, '9163996248');
INSERT INTO public.databasechangelog (id, author, filename, dateexecuted, orderexecuted, exectype, md5sum, description, comments, tag, liquibase, contexts, labels, deployment_id) VALUES ('add_cloud_instances_constraint', 'dyuen (generated)', 'migrations.1.11.0.xml', '2021-12-10 14:20:00.061978', 246, 'EXECUTED', '8:8b5d1b4b4d6eed18a625aada95ace0c1', 'createIndex indexName=unique_user_instances, tableName=cloud_instance', '', NULL, '3.10.3', NULL, NULL, '9163996248');
INSERT INTO public.databasechangelog (id, author, filename, dateexecuted, orderexecuted, exectype, md5sum, description, comments, tag, liquibase, contexts, labels, deployment_id) VALUES ('global_cloud_instances_constraint', 'dyuen', 'migrations.1.11.0.xml', '2021-12-10 14:20:00.07693', 247, 'EXECUTED', '8:25b0ba634f05a9d2cc6f6385bdcbbf60', 'sql', '', NULL, '3.10.3', NULL, NULL, '9163996248');
INSERT INTO public.databasechangelog (id, author, filename, dateexecuted, orderexecuted, exectype, md5sum, description, comments, tag, liquibase, contexts, labels, deployment_id) VALUES ('add_lambda_index', 'dyuen (generated)', 'migrations.1.11.0.xml', '2021-12-10 14:20:00.095615', 248, 'EXECUTED', '8:a9bfa7f935ed0e440fa1942bbb9aa210', 'createIndex indexName=organization_index, tableName=lambdaevent; createIndex indexName=user_index, tableName=lambdaevent', '', NULL, '3.10.3', NULL, NULL, '9163996248');
INSERT INTO public.databasechangelog (id, author, filename, dateexecuted, orderexecuted, exectype, md5sum, description, comments, tag, liquibase, contexts, labels, deployment_id) VALUES ('add_display_name_column', 'natalieperez (generated)', 'migrations.1.11.0.xml', '2021-12-10 14:20:00.108194', 249, 'EXECUTED', '8:da7b03de9d2bbe8f8ad840c7cbc5984b', 'addColumn tableName=cloud_instance', '', NULL, '3.10.3', NULL, NULL, '9163996248');
INSERT INTO public.databasechangelog (id, author, filename, dateexecuted, orderexecuted, exectype, md5sum, description, comments, tag, liquibase, contexts, labels, deployment_id) VALUES ('multipleAuthorsTable', 'ghogue (generated)', 'migrations.1.11.0.xml', '2021-12-10 14:20:00.128802', 250, 'EXECUTED', '8:1ea539ecda684e7282cfa394ec94531d', 'createTable tableName=author', '', NULL, '3.10.3', NULL, NULL, '9163996248');
INSERT INTO public.databasechangelog (id, author, filename, dateexecuted, orderexecuted, exectype, md5sum, description, comments, tag, liquibase, contexts, labels, deployment_id) VALUES ('multipleAuthorsMigrate', 'ghogue', 'migrations.1.11.0.xml', '2021-12-10 14:20:00.144252', 251, 'EXECUTED', '8:c138e2d34096798ba033eeb614c2eed9', 'sql', '', NULL, '3.10.3', NULL, NULL, '9163996248');
INSERT INTO public.databasechangelog (id, author, filename, dateexecuted, orderexecuted, exectype, md5sum, description, comments, tag, liquibase, contexts, labels, deployment_id) VALUES ('yamlOrcidAuthors', 'ghogue (generated)', 'migrations.1.11.0.xml', '2021-12-10 14:20:00.177067', 252, 'EXECUTED', '8:f42fa70c2e9a992adcaec8d30cbadc1a', 'createTable tableName=version_orcidauthor; createTable tableName=orcidauthor; addForeignKeyConstraint baseTableName=version_orcidauthor, constraintName=fk_version_orcidauthor, referencedTableName=orcidauthor', '', NULL, '3.10.3', NULL, NULL, '9163996248');
INSERT INTO public.databasechangelog (id, author, filename, dateexecuted, orderexecuted, exectype, md5sum, description, comments, tag, liquibase, contexts, labels, deployment_id) VALUES ('authenticateScopeFix', 'gluu (generated)', 'migrations.1.11.0.xml', '2021-12-10 14:20:00.191617', 253, 'EXECUTED', '8:5f7621705463e96cc8561e0bd3aa13a6', 'update tableName=token', '', NULL, '3.10.3', NULL, NULL, '9163996248');
INSERT INTO public.databasechangelog (id, author, filename, dateexecuted, orderexecuted, exectype, md5sum, description, comments, tag, liquibase, contexts, labels, deployment_id) VALUES ('addImageSpecifier', 'ktran (generated)', 'migrations.1.12.0.xml', '2021-12-10 14:20:00.204962', 254, 'EXECUTED', '8:0dcd247c2c8c09bd6d17d1a0fc1bddc3', 'addColumn tableName=image', '', NULL, '3.10.3', NULL, NULL, '9163996248');
INSERT INTO public.databasechangelog (id, author, filename, dateexecuted, orderexecuted, exectype, md5sum, description, comments, tag, liquibase, contexts, labels, deployment_id) VALUES ('addAppTool', 'natalieperez (generated)', 'migrations.1.12.0.xml', '2021-12-10 14:20:00.240962', 255, 'EXECUTED', '8:d828c3b6a20d4c065bc585ce7bc4c976', 'createTable tableName=apptool; addForeignKeyConstraint baseTableName=apptool, constraintName=fk_defaultversion_apptool, referencedTableName=workflowversion; addUniqueConstraint constraintName=uk_actualdefaultversion_apptool, tableName=apptool; add...', '', NULL, '3.10.3', NULL, NULL, '9163996248');
INSERT INTO public.databasechangelog (id, author, filename, dateexecuted, orderexecuted, exectype, md5sum, description, comments, tag, liquibase, contexts, labels, deployment_id) VALUES ('upgradeLiquibase', 'natalieperez (generated)', 'migrations.1.12.0.xml', '2021-12-10 14:20:00.258446', 256, 'EXECUTED', '8:a2f9c5f0d4bdf6c9356fd6c2e74a7954', 'dropIndex indexName=unique_user_instances, tableName=cloud_instance; addUniqueConstraint constraintName=unique_user_instances, tableName=cloud_instance', '', NULL, '3.10.3', NULL, NULL, '9163996248');
INSERT INTO public.databasechangelog (id, author, filename, dateexecuted, orderexecuted, exectype, md5sum, description, comments, tag, liquibase, contexts, labels, deployment_id) VALUES ('addCheckUrl', 'gluu (generated)', 'migrations.1.12.0.xml', '2021-12-10 14:20:00.271688', 257, 'EXECUTED', '8:6e93fb5ad5f19051ccf4963bb47ab9f4', 'addColumn tableName=version_metadata', '', NULL, '3.10.3', NULL, NULL, '9163996248');
INSERT INTO public.databasechangelog (id, author, filename, dateexecuted, orderexecuted, exectype, md5sum, description, comments, tag, liquibase, contexts, labels, deployment_id) VALUES ('calculatedChecksums', 'coverbeck', 'migrations.1.12.0.xml', '2021-12-10 14:20:00.309979', 258, 'EXECUTED', '8:540195f7fa4a658190a7be89980eb3e1', 'sql; dropColumn columnName=checksums, tableName=sourcefile; sql; sql', '', NULL, '3.10.3', NULL, NULL, '9163996248');
INSERT INTO public.databasechangelog (id, author, filename, dateexecuted, orderexecuted, exectype, md5sum, description, comments, tag, liquibase, contexts, labels, deployment_id) VALUES ('unique_collection_display_names_per_org', 'natalieperez (generated)', 'migrations.1.12.0.xml', '2021-12-10 14:20:00.326565', 259, 'EXECUTED', '8:d442e69f966aa71067c072a713eaa3b9', 'dropUniqueConstraint constraintName=uk_collDisplayName, tableName=collection; sql', '', NULL, '3.10.3', NULL, NULL, '9163996248');
INSERT INTO public.databasechangelog (id, author, filename, dateexecuted, orderexecuted, exectype, md5sum, description, comments, tag, liquibase, contexts, labels, deployment_id) VALUES ('deleteVersion', 'gluu', 'migrations.1.12.0.xml', '2021-12-10 14:20:00.337211', 260, 'EXECUTED', '8:c9a6c76060b72210f85c5fa9a170e9db', 'delete tableName=collection_entry_version', '', NULL, '3.10.3', NULL, NULL, '9163996248');
INSERT INTO public.databasechangelog (id, author, filename, dateexecuted, orderexecuted, exectype, md5sum, description, comments, tag, liquibase, contexts, labels, deployment_id) VALUES ('addMultipleOrcidPutCodesForVersionMetadata', 'ktran (generated)', 'migrations.1.12.0.xml', '2021-12-10 14:20:00.361283', 261, 'EXECUTED', '8:9d1643079d0f56eb45c13d5965193666', 'createTable tableName=version_metadata_orcidputcode; addForeignKeyConstraint baseTableName=version_metadata_orcidputcode, constraintName=fk_version_metadata_id_version_metadata_orcidputcode, referencedTableName=version_metadata; addUniqueConstrain...', '', NULL, '3.10.3', NULL, NULL, '9163996248');
INSERT INTO public.databasechangelog (id, author, filename, dateexecuted, orderexecuted, exectype, md5sum, description, comments, tag, liquibase, contexts, labels, deployment_id) VALUES ('addMultipleOrcidPutCodesForEntry', 'ktran (generated)', 'migrations.1.12.0.xml', '2021-12-10 14:20:00.383292', 262, 'EXECUTED', '8:8a00341dd371c112b5d5b2622205b5f0', 'createTable tableName=entry_orcidputcode; addUniqueConstraint constraintName=unique_entry_user_orcidputcode, tableName=entry_orcidputcode', '', NULL, '3.10.3', NULL, NULL, '9163996248');
INSERT INTO public.databasechangelog (id, author, filename, dateexecuted, orderexecuted, exectype, md5sum, description, comments, tag, liquibase, contexts, labels, deployment_id) VALUES ('migrateOldOrcidPutCode', 'ktran', 'migrations.1.12.0.xml', '2021-12-10 14:20:00.400512', 263, 'EXECUTED', '8:e34c599ffa6c8faabc944e94610b35f4', 'sql', '', NULL, '3.10.3', NULL, NULL, '9163996248');
INSERT INTO public.databasechangelog (id, author, filename, dateexecuted, orderexecuted, exectype, md5sum, description, comments, tag, liquibase, contexts, labels, deployment_id) VALUES ('removeOldOrcidPutCodeColumn', 'ktran (generated)', 'migrations.1.12.0.xml', '2021-12-10 14:20:00.419868', 264, 'EXECUTED', '8:b76aec12813f3f9c194c610d1093a401', 'dropColumn columnName=orcidputcode, tableName=apptool; dropColumn columnName=orcidputcode, tableName=service; dropColumn columnName=orcidputcode, tableName=tool; dropColumn columnName=orcidputcode, tableName=version_metadata; dropColumn columnName...', '', NULL, '3.10.3', NULL, NULL, '9163996248');
INSERT INTO public.databasechangelog (id, author, filename, dateexecuted, orderexecuted, exectype, md5sum, description, comments, tag, liquibase, contexts, labels, deployment_id) VALUES ('deleteCollection', 'svonworl', 'migrations.1.12.0.xml', '2021-12-10 14:20:00.44672', 265, 'EXECUTED', '8:ed5c81838e1081645b7db85d382b62b8', 'addColumn tableName=collection; sql', '', NULL, '3.10.3', NULL, NULL, '9163996248');
INSERT INTO public.databasechangelog (id, author, filename, dateexecuted, orderexecuted, exectype, md5sum, description, comments, tag, liquibase, contexts, labels, deployment_id) VALUES ('categories_new_feature', 'svonworl', 'migrations.1.12.0.xml', '2021-12-10 14:20:00.476829', 266, 'EXECUTED', '8:87d860cab2c01f6a4aa62c697bf8cc4b', 'addColumn tableName=organization; addColumn tableName=collection; addNotNullConstraint columnName=dtype, tableName=collection; sql; sql; sql', '', NULL, '3.10.3', NULL, NULL, '9163996248');


--
-- Data for Name: databasechangeloglock; Type: TABLE DATA; Schema: public; Owner: dockstore
--

INSERT INTO public.databasechangeloglock (id, locked, lockgranted, lockedby) VALUES (1, false, NULL, NULL);


--
-- Data for Name: deletedusername; Type: TABLE DATA; Schema: public; Owner: dockstore
--



--
-- Data for Name: enduser; Type: TABLE DATA; Schema: public; Owner: dockstore
--

INSERT INTO public.enduser (id, avatarurl, isadmin, username, dbcreatedate, dbupdatedate, curator, setupcomplete, hostedentrycountlimit, hostedentryversionslimit, isbanned, privacypolicyversion, tosversion, privacypolicyversionacceptancedate, tosversionacceptancedate, orcid, usernamechangerequired) VALUES (1, NULL, true, 'user_admin', NULL, NULL, false, false, NULL, NULL, false, 'NONE', 'NONE', NULL, NULL, NULL, false);
INSERT INTO public.enduser (id, avatarurl, isadmin, username, dbcreatedate, dbupdatedate, curator, setupcomplete, hostedentrycountlimit, hostedentryversionslimit, isbanned, privacypolicyversion, tosversion, privacypolicyversionacceptancedate, tosversionacceptancedate, orcid, usernamechangerequired) VALUES (2, NULL, false, 'user_curator', NULL, NULL, true, false, NULL, NULL, false, 'PRIVACY_POLICY_VERSION_2_5', 'TOS_VERSION_2', NULL, NULL, NULL, false);
INSERT INTO public.enduser (id, avatarurl, isadmin, username, dbcreatedate, dbupdatedate, curator, setupcomplete, hostedentrycountlimit, hostedentryversionslimit, isbanned, privacypolicyversion, tosversion, privacypolicyversionacceptancedate, tosversionacceptancedate, orcid, usernamechangerequired) VALUES (3, NULL, false, 'user_basic_1', NULL, NULL, false, false, NULL, NULL, false, 'PRIVACY_POLICY_VERSION_2_5', 'TOS_VERSION_2', NULL, NULL, NULL, false);


--
-- Data for Name: entry_alias; Type: TABLE DATA; Schema: public; Owner: dockstore
--



--
-- Data for Name: entry_blacklistedversionnames; Type: TABLE DATA; Schema: public; Owner: dockstore
--

INSERT INTO public.entry_blacklistedversionnames (entry_id, blacklistedversionnames) VALUES (102, '1');
INSERT INTO public.entry_blacklistedversionnames (entry_id, blacklistedversionnames) VALUES (103, '1');
INSERT INTO public.entry_blacklistedversionnames (entry_id, blacklistedversionnames) VALUES (104, '1');
INSERT INTO public.entry_blacklistedversionnames (entry_id, blacklistedversionnames) VALUES (105, '1');
INSERT INTO public.entry_blacklistedversionnames (entry_id, blacklistedversionnames) VALUES (106, '1');
INSERT INTO public.entry_blacklistedversionnames (entry_id, blacklistedversionnames) VALUES (107, '1');
INSERT INTO public.entry_blacklistedversionnames (entry_id, blacklistedversionnames) VALUES (108, '1');
INSERT INTO public.entry_blacklistedversionnames (entry_id, blacklistedversionnames) VALUES (109, '1');
INSERT INTO public.entry_blacklistedversionnames (entry_id, blacklistedversionnames) VALUES (110, '1');
INSERT INTO public.entry_blacklistedversionnames (entry_id, blacklistedversionnames) VALUES (111, '1');
INSERT INTO public.entry_blacklistedversionnames (entry_id, blacklistedversionnames) VALUES (112, '1');
INSERT INTO public.entry_blacklistedversionnames (entry_id, blacklistedversionnames) VALUES (103, '2');
INSERT INTO public.entry_blacklistedversionnames (entry_id, blacklistedversionnames) VALUES (102, '2');
INSERT INTO public.entry_blacklistedversionnames (entry_id, blacklistedversionnames) VALUES (113, '1');
INSERT INTO public.entry_blacklistedversionnames (entry_id, blacklistedversionnames) VALUES (114, '1');


--
-- Data for Name: entry_defaultpaths; Type: TABLE DATA; Schema: public; Owner: dockstore
--

INSERT INTO public.entry_defaultpaths (entry_id, path, filetype) VALUES (102, '/Dockstore.cwl', 'DOCKSTORE_CWL');
INSERT INTO public.entry_defaultpaths (entry_id, path, filetype) VALUES (103, '/Dockstore.wdl', 'DOCKSTORE_WDL');
INSERT INTO public.entry_defaultpaths (entry_id, path, filetype) VALUES (104, '/nextflow.config', 'NEXTFLOW_CONFIG');
INSERT INTO public.entry_defaultpaths (entry_id, path, filetype) VALUES (105, '/Dockstore.cwl', 'DOCKSTORE_CWL');
INSERT INTO public.entry_defaultpaths (entry_id, path, filetype) VALUES (106, '/Dockstore.wdl', 'DOCKSTORE_WDL');
INSERT INTO public.entry_defaultpaths (entry_id, path, filetype) VALUES (107, '/nextflow.config', 'NEXTFLOW_CONFIG');
INSERT INTO public.entry_defaultpaths (entry_id, path, filetype) VALUES (108, '/Dockstore.cwl', 'DOCKSTORE_CWL');
INSERT INTO public.entry_defaultpaths (entry_id, path, filetype) VALUES (109, '/Dockstore.wdl', 'DOCKSTORE_WDL');
INSERT INTO public.entry_defaultpaths (entry_id, path, filetype) VALUES (110, '/nextflow.config', 'NEXTFLOW_CONFIG');
INSERT INTO public.entry_defaultpaths (entry_id, path, filetype) VALUES (111, '/Dockstore.cwl', 'DOCKSTORE_CWL');
INSERT INTO public.entry_defaultpaths (entry_id, path, filetype) VALUES (112, '/Dockstore.wdl', 'DOCKSTORE_WDL');


--
-- Data for Name: entry_input_fileformat; Type: TABLE DATA; Schema: public; Owner: dockstore
--

INSERT INTO public.entry_input_fileformat (entryid, fileformatid) VALUES (102, 1);
INSERT INTO public.entry_input_fileformat (entryid, fileformatid) VALUES (105, 1);
INSERT INTO public.entry_input_fileformat (entryid, fileformatid) VALUES (108, 1);
INSERT INTO public.entry_input_fileformat (entryid, fileformatid) VALUES (111, 1);
INSERT INTO public.entry_input_fileformat (entryid, fileformatid) VALUES (113, 1);
INSERT INTO public.entry_input_fileformat (entryid, fileformatid) VALUES (114, 1);


--
-- Data for Name: entry_label; Type: TABLE DATA; Schema: public; Owner: dockstore
--



--
-- Data for Name: entry_orcidputcode; Type: TABLE DATA; Schema: public; Owner: dockstore
--



--
-- Data for Name: entry_output_fileformat; Type: TABLE DATA; Schema: public; Owner: dockstore
--

INSERT INTO public.entry_output_fileformat (entryid, fileformatid) VALUES (113, 2);
INSERT INTO public.entry_output_fileformat (entryid, fileformatid) VALUES (114, 2);


--
-- Data for Name: entry_version_image; Type: TABLE DATA; Schema: public; Owner: dockstore
--



--
-- Data for Name: event; Type: TABLE DATA; Schema: public; Owner: dockstore
--

INSERT INTO public.event (id, dbcreatedate, dbupdatedate, type, initiatoruserid, organizationid, toolid, userid, workflowid, collectionid, versionid) VALUES (1, '2021-12-10 14:57:42.932', '2021-12-10 14:57:42.932', 'ADD_VERSION_TO_ENTRY', 1, NULL, NULL, NULL, 102, NULL, 102);
INSERT INTO public.event (id, dbcreatedate, dbupdatedate, type, initiatoruserid, organizationid, toolid, userid, workflowid, collectionid, versionid) VALUES (2, '2021-12-10 14:58:07.874', '2021-12-10 14:58:07.874', 'ADD_VERSION_TO_ENTRY', 1, NULL, NULL, NULL, 103, NULL, 103);
INSERT INTO public.event (id, dbcreatedate, dbupdatedate, type, initiatoruserid, organizationid, toolid, userid, workflowid, collectionid, versionid) VALUES (3, '2021-12-10 14:58:30.884', '2021-12-10 14:58:30.884', 'ADD_VERSION_TO_ENTRY', 1, NULL, NULL, NULL, 104, NULL, 104);
INSERT INTO public.event (id, dbcreatedate, dbupdatedate, type, initiatoruserid, organizationid, toolid, userid, workflowid, collectionid, versionid) VALUES (4, '2021-12-10 15:13:08.938', '2021-12-10 15:13:08.938', 'ADD_VERSION_TO_ENTRY', 2, NULL, NULL, NULL, 105, NULL, 105);
INSERT INTO public.event (id, dbcreatedate, dbupdatedate, type, initiatoruserid, organizationid, toolid, userid, workflowid, collectionid, versionid) VALUES (5, '2021-12-10 15:13:20.984', '2021-12-10 15:13:20.984', 'ADD_VERSION_TO_ENTRY', 2, NULL, NULL, NULL, 106, NULL, 106);
INSERT INTO public.event (id, dbcreatedate, dbupdatedate, type, initiatoruserid, organizationid, toolid, userid, workflowid, collectionid, versionid) VALUES (6, '2021-12-10 15:13:38.073', '2021-12-10 15:13:38.073', 'ADD_VERSION_TO_ENTRY', 2, NULL, NULL, NULL, 107, NULL, 107);
INSERT INTO public.event (id, dbcreatedate, dbupdatedate, type, initiatoruserid, organizationid, toolid, userid, workflowid, collectionid, versionid) VALUES (7, '2021-12-10 15:16:17.613', '2021-12-10 15:16:17.613', 'ADD_VERSION_TO_ENTRY', 3, NULL, NULL, NULL, 108, NULL, 108);
INSERT INTO public.event (id, dbcreatedate, dbupdatedate, type, initiatoruserid, organizationid, toolid, userid, workflowid, collectionid, versionid) VALUES (8, '2021-12-10 15:16:31.899', '2021-12-10 15:16:31.899', 'ADD_VERSION_TO_ENTRY', 3, NULL, NULL, NULL, 109, NULL, 109);
INSERT INTO public.event (id, dbcreatedate, dbupdatedate, type, initiatoruserid, organizationid, toolid, userid, workflowid, collectionid, versionid) VALUES (9, '2021-12-10 15:16:50.425', '2021-12-10 15:16:50.425', 'ADD_VERSION_TO_ENTRY', 3, NULL, NULL, NULL, 110, NULL, 110);
INSERT INTO public.event (id, dbcreatedate, dbupdatedate, type, initiatoruserid, organizationid, toolid, userid, workflowid, collectionid, versionid) VALUES (10, '2021-12-10 15:17:04.096', '2021-12-10 15:17:04.096', 'ADD_VERSION_TO_ENTRY', 3, NULL, NULL, NULL, 111, NULL, 111);
INSERT INTO public.event (id, dbcreatedate, dbupdatedate, type, initiatoruserid, organizationid, toolid, userid, workflowid, collectionid, versionid) VALUES (11, '2021-12-10 15:17:17.358', '2021-12-10 15:17:17.358', 'ADD_VERSION_TO_ENTRY', 3, NULL, NULL, NULL, 112, NULL, 112);
INSERT INTO public.event (id, dbcreatedate, dbupdatedate, type, initiatoruserid, organizationid, toolid, userid, workflowid, collectionid, versionid) VALUES (12, '2021-12-10 15:21:08.886', '2021-12-10 15:21:08.886', 'CREATE_ORG', 1, 2, NULL, NULL, NULL, NULL, NULL);
INSERT INTO public.event (id, dbcreatedate, dbupdatedate, type, initiatoruserid, organizationid, toolid, userid, workflowid, collectionid, versionid) VALUES (13, '2021-12-10 15:21:34.828', '2021-12-10 15:21:34.828', 'CREATE_COLLECTION', 1, 2, NULL, NULL, NULL, 1, NULL);
INSERT INTO public.event (id, dbcreatedate, dbupdatedate, type, initiatoruserid, organizationid, toolid, userid, workflowid, collectionid, versionid) VALUES (14, '2021-12-10 15:21:50.886', '2021-12-10 15:21:50.886', 'ADD_TO_COLLECTION', 1, 2, NULL, NULL, 105, 1, NULL);
INSERT INTO public.event (id, dbcreatedate, dbupdatedate, type, initiatoruserid, organizationid, toolid, userid, workflowid, collectionid, versionid) VALUES (15, '2021-12-10 15:21:59.243', '2021-12-10 15:21:59.243', 'APPROVE_ORG', 1, 2, NULL, NULL, NULL, NULL, NULL);
INSERT INTO public.event (id, dbcreatedate, dbupdatedate, type, initiatoruserid, organizationid, toolid, userid, workflowid, collectionid, versionid) VALUES (16, '2021-12-10 15:22:26.699', '2021-12-10 15:22:26.699', 'CREATE_ORG', 1, 3, NULL, NULL, NULL, NULL, NULL);
INSERT INTO public.event (id, dbcreatedate, dbupdatedate, type, initiatoruserid, organizationid, toolid, userid, workflowid, collectionid, versionid) VALUES (17, '2021-12-10 15:22:34.283', '2021-12-10 15:22:34.283', 'APPROVE_ORG', 1, 3, NULL, NULL, NULL, NULL, NULL);
INSERT INTO public.event (id, dbcreatedate, dbupdatedate, type, initiatoruserid, organizationid, toolid, userid, workflowid, collectionid, versionid) VALUES (18, '2021-12-10 15:29:01.017', '2021-12-10 15:29:01.017', 'ADD_VERSION_TO_ENTRY', 1, NULL, NULL, NULL, 103, NULL, 113);
INSERT INTO public.event (id, dbcreatedate, dbupdatedate, type, initiatoruserid, organizationid, toolid, userid, workflowid, collectionid, versionid) VALUES (19, '2021-12-10 15:31:24.504', '2021-12-10 15:31:24.504', 'ADD_VERSION_TO_ENTRY', 1, NULL, NULL, NULL, 102, NULL, 114);
INSERT INTO public.event (id, dbcreatedate, dbupdatedate, type, initiatoruserid, organizationid, toolid, userid, workflowid, collectionid, versionid) VALUES (20, '2021-12-10 15:41:23.363', '2021-12-10 15:41:23.363', 'ADD_VERSION_TO_ENTRY', 1, NULL, 113, NULL, NULL, NULL, 115);
INSERT INTO public.event (id, dbcreatedate, dbupdatedate, type, initiatoruserid, organizationid, toolid, userid, workflowid, collectionid, versionid) VALUES (21, '2021-12-10 15:41:45.227', '2021-12-10 15:41:45.227', 'ADD_VERSION_TO_ENTRY', 1, NULL, 114, NULL, NULL, NULL, 116);
INSERT INTO public.event (id, dbcreatedate, dbupdatedate, type, initiatoruserid, organizationid, toolid, userid, workflowid, collectionid, versionid) VALUES (22, '2021-12-10 15:52:17.019', '2021-12-10 15:52:17.019', 'CREATE_COLLECTION', 1, 3, NULL, NULL, NULL, 2, NULL);
INSERT INTO public.event (id, dbcreatedate, dbupdatedate, type, initiatoruserid, organizationid, toolid, userid, workflowid, collectionid, versionid) VALUES (23, '2021-12-10 15:52:28.108', '2021-12-10 15:52:28.108', 'ADD_TO_COLLECTION', 1, 3, NULL, NULL, 110, 2, NULL);


--
-- Data for Name: fileformat; Type: TABLE DATA; Schema: public; Owner: dockstore
--

INSERT INTO public.fileformat (id, value, dbcreatedate, dbupdatedate) VALUES (1, 'http://edamontology.org/format_2572', '2021-12-10 14:57:42.764', '2021-12-10 14:57:42.764');
INSERT INTO public.fileformat (id, value, dbcreatedate, dbupdatedate) VALUES (2, 'http://edamontology.org/format_3615', '2021-12-10 15:41:23.261', '2021-12-10 15:41:23.261');


--
-- Data for Name: image; Type: TABLE DATA; Schema: public; Owner: dockstore
--



--
-- Data for Name: label; Type: TABLE DATA; Schema: public; Owner: dockstore
--



--
-- Data for Name: lambdaevent; Type: TABLE DATA; Schema: public; Owner: dockstore
--



--
-- Data for Name: notification; Type: TABLE DATA; Schema: public; Owner: dockstore
--



--
-- Data for Name: orcidauthor; Type: TABLE DATA; Schema: public; Owner: dockstore
--



--
-- Data for Name: organization; Type: TABLE DATA; Schema: public; Owner: dockstore
--

INSERT INTO public.organization (id, dbcreatedate, dbupdatedate, description, email, link, location, name, topic, status, avatarurl, displayname, categorizer) VALUES (2, '2021-12-10 15:21:08.879', '2021-12-10 15:21:59.248', NULL, 'pleasedontcontactme@here.com', NULL, NULL, 'NotAlienResearch', 'Definitely not aliens, that''s for sure.', 'APPROVED', NULL, 'NotAlienResearch', false);
INSERT INTO public.organization (id, dbcreatedate, dbupdatedate, description, email, link, location, name, topic, status, avatarurl, displayname, categorizer) VALUES (3, '2021-12-10 15:22:26.691', '2021-12-10 15:22:34.286', NULL, 'Science@Science.Science', NULL, NULL, 'TheGreatFoundationOfScienceAndThings', 'TheGreatFoundationOfScienceAndThings', 'APPROVED', NULL, 'TheGreatFoundationOfScienceAndThings', false);


--
-- Data for Name: organization_alias; Type: TABLE DATA; Schema: public; Owner: dockstore
--



--
-- Data for Name: organization_user; Type: TABLE DATA; Schema: public; Owner: dockstore
--

INSERT INTO public.organization_user (organizationid, userid, accepted, dbcreatedate, dbupdatedate, role) VALUES (2, 1, true, '2021-12-10 15:21:08.883', '2021-12-10 15:21:08.883', 'ADMIN');
INSERT INTO public.organization_user (organizationid, userid, accepted, dbcreatedate, dbupdatedate, role) VALUES (3, 1, true, '2021-12-10 15:22:26.694', '2021-12-10 15:22:26.694', 'ADMIN');


--
-- Data for Name: parsed_information; Type: TABLE DATA; Schema: public; Owner: dockstore
--



--
-- Data for Name: service; Type: TABLE DATA; Schema: public; Owner: dockstore
--



--
-- Data for Name: sourcefile; Type: TABLE DATA; Schema: public; Owner: dockstore
--

INSERT INTO public.sourcefile (id, content, path, type, dbcreatedate, dbupdatedate, absolutepath, frozen, sha256) VALUES (42, '#!/usr/bin/env cwl-runner

cwlVersion: v1.0
id: "YOUR_WORKFLOW"
label: "YOUR_WORKFLOW''s Label"
class: Workflow
doc: |
    This is sample CWL Workflow code.
    For more information, see "Getting Started with CWL" and "CWL Best Practices" in the Dockstore Docs.
inputs:
  bamfile:
    type: File
    doc: "The BAM file used as input."
    format: "http://edamontology.org/format_2572"
  bedfile:
    type: File
  bamqc_pl:
    type: File
  flagstat2json:
    type: File

outputs:
  bamqc_json:
    type: File
    outputSource: bamqc/outjson
  flagstatjson:
    type: File
    outputSource: flagstat_json/flagstat_json

steps:
  flagstat:
    run: flagstat.cwl
    in:
      bamfile: bamfile
    out: [flagstat_file]

  flagstat_json:
    run: flagstat2json.cwl
    in:
      flagstat_file: flagstat/flagstat_file
      flagstat2json: flagstat2json
    out: [flagstat_json]

  bamqc:
    run: bamqc.cwl
    in:
      bamfile: bamfile
      bedfile: bedfile
      bamqc_pl: bamqc_pl
      xtra_json: flagstat_json/flagstat_json
    out: [ outjson ]

s:author:
  - class: s:Person
    s:email: YOUR_EMAIL_HERE
    s:name: YOUR_NAME_HERE
', '/Dockstore.cwl', 'DOCKSTORE_CWL', '2021-12-10 14:57:42.69', '2021-12-10 14:57:42.69', '/Dockstore.cwl', false, DEFAULT);
INSERT INTO public.sourcefile (id, content, path, type, dbcreatedate, dbupdatedate, absolutepath, frozen, sha256) VALUES (43, 'version 1.0
task bamstats {

    meta {
        author: "YOUR_NAME_HERE"
        email: "YOUR_EMAIL_HERE"
        description: "This is sample WDL Tool code taken and adapted from the [dockstore-tool-bamstats](https://github.com/CancerCollaboratory/dockstore-tool-bamstats/blob/develop/Dockstore.wdl) repository. For more information, see ''Getting Started with WDL'' in the Dockstore Docs."
    }

    input {
        File bam_input
        Int mem_gb
    }

    command {
        bash /usr/local/bin/bamstats ${mem_gb} ${bam_input}
    }

    output {
        File bamstats_report = "bamstats_report.zip"
    }

    runtime {
        docker: "quay.io/collaboratory/dockstore-tool-bamstats:1.25-6_1.0"
        memory: mem_gb + "GB"
    }
}

workflow bamstatsWorkflow {
    input {
        File bam_input
        Int mem_gb
    }
    call bamstats { input: bam_input=bam_input, mem_gb=mem_gb }
}
', '/Dockstore.wdl', 'DOCKSTORE_WDL', '2021-12-10 14:58:07.759', '2021-12-10 14:58:07.759', '/Dockstore.wdl', false, DEFAULT);
INSERT INTO public.sourcefile (id, content, path, type, dbcreatedate, dbupdatedate, absolutepath, frozen, sha256) VALUES (44, '#!/usr/bin/env nextflow

bamFile = file(params.bam_input)

process bamstats {
    input:
    file bam_input from bamFile
    val mem_gb from params.mem_gb

    output:
    file ''bamstats_report.zip''

    """
    bash /usr/local/bin/bamstats $mem_gb $bam_input
    """
}
', '/main.nf', 'NEXTFLOW', '2021-12-10 14:58:30.8', '2021-12-10 14:58:30.8', '/main.nf', false, DEFAULT);
INSERT INTO public.sourcefile (id, content, path, type, dbcreatedate, dbupdatedate, absolutepath, frozen, sha256) VALUES (45, 'manifest {
    author = ''YOUR_NAME_HERE''
    description = ''This is sample NextFlow code. For more information, see "Getting Started with NextFlow" in the Dockstore Docs.''
}

params {
    bam_input = ''NA12878.chrom20.ILLUMINA.bwa.CEU.low_coverage.20121211.bam''
    mem_gb = ''4''
}

process.container = ''quay.io/collaboratory/dockstore-tool-bamstats:1.25-6_1.0''
docker {
    enabled = true
    docker.runOptions = ''-u $(id -u):$(id -g)''
}
', '/nextflow.config', 'NEXTFLOW_CONFIG', '2021-12-10 14:58:30.802', '2021-12-10 14:58:30.802', '/nextflow.config', false, DEFAULT);
INSERT INTO public.sourcefile (id, content, path, type, dbcreatedate, dbupdatedate, absolutepath, frozen, sha256) VALUES (46, '#!/usr/bin/env cwl-runner

cwlVersion: v1.0
id: "YOUR_WORKFLOW"
label: "YOUR_WORKFLOW''s Label"
class: Workflow
doc: |
    This is sample CWL Workflow code.
    For more information, see "Getting Started with CWL" and "CWL Best Practices" in the Dockstore Docs.
inputs:
  bamfile:
    type: File
    doc: "The BAM file used as input."
    format: "http://edamontology.org/format_2572"
  bedfile:
    type: File
  bamqc_pl:
    type: File
  flagstat2json:
    type: File

outputs:
  bamqc_json:
    type: File
    outputSource: bamqc/outjson
  flagstatjson:
    type: File
    outputSource: flagstat_json/flagstat_json

steps:
  flagstat:
    run: flagstat.cwl
    in:
      bamfile: bamfile
    out: [flagstat_file]

  flagstat_json:
    run: flagstat2json.cwl
    in:
      flagstat_file: flagstat/flagstat_file
      flagstat2json: flagstat2json
    out: [flagstat_json]

  bamqc:
    run: bamqc.cwl
    in:
      bamfile: bamfile
      bedfile: bedfile
      bamqc_pl: bamqc_pl
      xtra_json: flagstat_json/flagstat_json
    out: [ outjson ]

s:author:
  - class: s:Person
    s:email: YOUR_EMAIL_HERE
    s:name: YOUR_NAME_HERE
', '/Dockstore.cwl', 'DOCKSTORE_CWL', '2021-12-10 15:13:08.789', '2021-12-10 15:13:08.789', '/Dockstore.cwl', false, DEFAULT);
INSERT INTO public.sourcefile (id, content, path, type, dbcreatedate, dbupdatedate, absolutepath, frozen, sha256) VALUES (47, 'version 1.0
task bamstats {

    meta {
        author: "YOUR_NAME_HERE"
        email: "YOUR_EMAIL_HERE"
        description: "This is sample WDL Tool code taken and adapted from the [dockstore-tool-bamstats](https://github.com/CancerCollaboratory/dockstore-tool-bamstats/blob/develop/Dockstore.wdl) repository. For more information, see ''Getting Started with WDL'' in the Dockstore Docs."
    }

    input {
        File bam_input
        Int mem_gb
    }

    command {
        bash /usr/local/bin/bamstats ${mem_gb} ${bam_input}
    }

    output {
        File bamstats_report = "bamstats_report.zip"
    }

    runtime {
        docker: "quay.io/collaboratory/dockstore-tool-bamstats:1.25-6_1.0"
        memory: mem_gb + "GB"
    }
}

workflow bamstatsWorkflow {
    input {
        File bam_input
        Int mem_gb
    }
    call bamstats { input: bam_input=bam_input, mem_gb=mem_gb }
}
', '/Dockstore.wdl', 'DOCKSTORE_WDL', '2021-12-10 15:13:20.87', '2021-12-10 15:13:20.87', '/Dockstore.wdl', false, DEFAULT);
INSERT INTO public.sourcefile (id, content, path, type, dbcreatedate, dbupdatedate, absolutepath, frozen, sha256) VALUES (48, '#!/usr/bin/env nextflow

bamFile = file(params.bam_input)

process bamstats {
    input:
    file bam_input from bamFile
    val mem_gb from params.mem_gb

    output:
    file ''bamstats_report.zip''

    """
    bash /usr/local/bin/bamstats $mem_gb $bam_input
    """
}
', '/main.nf', 'NEXTFLOW', '2021-12-10 15:13:37.982', '2021-12-10 15:13:37.982', '/main.nf', false, DEFAULT);
INSERT INTO public.sourcefile (id, content, path, type, dbcreatedate, dbupdatedate, absolutepath, frozen, sha256) VALUES (49, 'manifest {
    author = ''YOUR_NAME_HERE''
    description = ''This is sample NextFlow code. For more information, see "Getting Started with NextFlow" in the Dockstore Docs.''
}

params {
    bam_input = ''NA12878.chrom20.ILLUMINA.bwa.CEU.low_coverage.20121211.bam''
    mem_gb = ''4''
}

process.container = ''quay.io/collaboratory/dockstore-tool-bamstats:1.25-6_1.0''
docker {
    enabled = true
    docker.runOptions = ''-u $(id -u):$(id -g)''
}
', '/nextflow.config', 'NEXTFLOW_CONFIG', '2021-12-10 15:13:37.986', '2021-12-10 15:13:37.986', '/nextflow.config', false, DEFAULT);
INSERT INTO public.sourcefile (id, content, path, type, dbcreatedate, dbupdatedate, absolutepath, frozen, sha256) VALUES (51, 'version 1.0
task bamstats {

    meta {
        author: "YOUR_NAME_HERE"
        email: "YOUR_EMAIL_HERE"
        description: "This is sample WDL Tool code taken and adapted from the [dockstore-tool-bamstats](https://github.com/CancerCollaboratory/dockstore-tool-bamstats/blob/develop/Dockstore.wdl) repository. For more information, see ''Getting Started with WDL'' in the Dockstore Docs."
    }

    input {
        File bam_input
        Int mem_gb
    }

    command {
        bash /usr/local/bin/bamstats ${mem_gb} ${bam_input}
    }

    output {
        File bamstats_report = "bamstats_report.zip"
    }

    runtime {
        docker: "quay.io/collaboratory/dockstore-tool-bamstats:1.25-6_1.0"
        memory: mem_gb + "GB"
    }
}

workflow bamstatsWorkflow {
    input {
        File bam_input
        Int mem_gb
    }
    call bamstats { input: bam_input=bam_input, mem_gb=mem_gb }
}
', '/Dockstore.wdl', 'DOCKSTORE_WDL', '2021-12-10 15:16:31.805', '2021-12-10 15:16:31.805', '/Dockstore.wdl', false, DEFAULT);
INSERT INTO public.sourcefile (id, content, path, type, dbcreatedate, dbupdatedate, absolutepath, frozen, sha256) VALUES (50, '#!/usr/bin/env cwl-runner

cwlVersion: v1.0
id: "YOUR_WORKFLOW"
label: "YOUR_WORKFLOW''s Label"
class: Workflow
doc: |
    This is sample CWL Workflow code.
    For more information, see "Getting Started with CWL" and "CWL Best Practices" in the Dockstore Docs.
inputs:
  bamfile:
    type: File
    doc: "The BAM file used as input."
    format: "http://edamontology.org/format_2572"
  bedfile:
    type: File
  bamqc_pl:
    type: File
  flagstat2json:
    type: File

outputs:
  bamqc_json:
    type: File
    outputSource: bamqc/outjson
  flagstatjson:
    type: File
    outputSource: flagstat_json/flagstat_json

steps:
  flagstat:
    run: flagstat.cwl
    in:
      bamfile: bamfile
    out: [flagstat_file]

  flagstat_json:
    run: flagstat2json.cwl
    in:
      flagstat_file: flagstat/flagstat_file
      flagstat2json: flagstat2json
    out: [flagstat_json]

  bamqc:
    run: bamqc.cwl
    in:
      bamfile: bamfile
      bedfile: bedfile
      bamqc_pl: bamqc_pl
      xtra_json: flagstat_json/flagstat_json
    out: [ outjson ]

s:author:
  - class: s:Person
    s:email: YOUR_EMAIL_HERE
    s:name: YOUR_NAME_HERE
', '/Dockstore.cwl', 'DOCKSTORE_CWL', '2021-12-10 15:16:17.491', '2021-12-10 15:16:17.491', '/Dockstore.cwl', false, DEFAULT);
INSERT INTO public.sourcefile (id, content, path, type, dbcreatedate, dbupdatedate, absolutepath, frozen, sha256) VALUES (52, '#!/usr/bin/env nextflow

bamFile = file(params.bam_input)

process bamstats {
    input:
    file bam_input from bamFile
    val mem_gb from params.mem_gb

    output:
    file ''bamstats_report.zip''

    """
    bash /usr/local/bin/bamstats $mem_gb $bam_input
    """
}
', '/main.nf', 'NEXTFLOW', '2021-12-10 15:16:50.33', '2021-12-10 15:16:50.33', '/main.nf', false, DEFAULT);
INSERT INTO public.sourcefile (id, content, path, type, dbcreatedate, dbupdatedate, absolutepath, frozen, sha256) VALUES (53, 'manifest {
    author = ''YOUR_NAME_HERE''
    description = ''This is sample NextFlow code. For more information, see "Getting Started with NextFlow" in the Dockstore Docs.''
}

params {
    bam_input = ''NA12878.chrom20.ILLUMINA.bwa.CEU.low_coverage.20121211.bam''
    mem_gb = ''4''
}

process.container = ''quay.io/collaboratory/dockstore-tool-bamstats:1.25-6_1.0''
docker {
    enabled = true
    docker.runOptions = ''-u $(id -u):$(id -g)''
}
', '/nextflow.config', 'NEXTFLOW_CONFIG', '2021-12-10 15:16:50.334', '2021-12-10 15:16:50.334', '/nextflow.config', false, DEFAULT);
INSERT INTO public.sourcefile (id, content, path, type, dbcreatedate, dbupdatedate, absolutepath, frozen, sha256) VALUES (54, '#!/usr/bin/env cwl-runner

cwlVersion: v1.0
id: "YOUR_WORKFLOW"
label: "YOUR_WORKFLOW''s Label"
class: Workflow
doc: |
    This is sample CWL Workflow code.
    For more information, see "Getting Started with CWL" and "CWL Best Practices" in the Dockstore Docs.
inputs:
  bamfile:
    type: File
    doc: "The BAM file used as input."
    format: "http://edamontology.org/format_2572"
  bedfile:
    type: File
  bamqc_pl:
    type: File
  flagstat2json:
    type: File

outputs:
  bamqc_json:
    type: File
    outputSource: bamqc/outjson
  flagstatjson:
    type: File
    outputSource: flagstat_json/flagstat_json

steps:
  flagstat:
    run: flagstat.cwl
    in:
      bamfile: bamfile
    out: [flagstat_file]

  flagstat_json:
    run: flagstat2json.cwl
    in:
      flagstat_file: flagstat/flagstat_file
      flagstat2json: flagstat2json
    out: [flagstat_json]

  bamqc:
    run: bamqc.cwl
    in:
      bamfile: bamfile
      bedfile: bedfile
      bamqc_pl: bamqc_pl
      xtra_json: flagstat_json/flagstat_json
    out: [ outjson ]

s:author:
  - class: s:Person
    s:email: YOUR_EMAIL_HERE
    s:name: YOUR_NAME_HERE
', '/Dockstore.cwl', 'DOCKSTORE_CWL', '2021-12-10 15:17:03.979', '2021-12-10 15:17:03.979', '/Dockstore.cwl', false, DEFAULT);
INSERT INTO public.sourcefile (id, content, path, type, dbcreatedate, dbupdatedate, absolutepath, frozen, sha256) VALUES (63, '', '/Dockerfile', 'DOCKERFILE', '2021-12-10 15:41:45.094', '2021-12-10 15:41:45.094', '/Dockerfile', false, DEFAULT);
INSERT INTO public.sourcefile (id, content, path, type, dbcreatedate, dbupdatedate, absolutepath, frozen, sha256) VALUES (64, '', '/test.cwl.json', 'CWL_TEST_JSON', '2021-12-10 15:41:45.096', '2021-12-10 15:41:45.096', '/test.cwl.json', false, DEFAULT);
INSERT INTO public.sourcefile (id, content, path, type, dbcreatedate, dbupdatedate, absolutepath, frozen, sha256) VALUES (65, '#!/usr/bin/env cwl-runner

class: CommandLineTool
id: "BAMStats"
label: "BAMStats tool"
cwlVersion: v1.1
doc: |
    This is sample CWL Tool code taken and adapted from the [dockstore-tool-bamstats](https://github.com/CancerCollaboratory/dockstore-tool-bamstats/blob/develop/Dockstore.cwl) repository.
    For more information, see "Getting Started with CWL" in the Dockstore Docs.

dct:creator:
  foaf:name: "YOUR_NAME_HERE"
  foaf:mbox: "mailto:YOUR_EMAIL_HERE"

requirements:
  - class: DockerRequirement
    dockerPull: "quay.io/collaboratory/dockstore-tool-bamstats:1.25-6"

hints:
  - class: ResourceRequirement
    coresMin: 1
    ramMin: 4092 #"the process requires at least 4G of RAM
    outdirMin: 512000

inputs:
  mem_gb:
    type: int
    default: 4
    doc: "The memory, in GB, for the reporting tool"
    inputBinding:
      position: 1

  bam_input:
    type: File
    doc: "The BAM file used as input, it must be sorted."
    format: "http://edamontology.org/format_2572"
    inputBinding:
      position: 2

outputs:
  bamstats_report:
    type: File
    format: "http://edamontology.org/format_3615"
    outputBinding:
      glob: bamstats_report.zip
    doc: "A zip file that contains the HTML report and various graphics."


baseCommand: ["bash", "/usr/local/bin/bamstats"]


$namespaces:
    dct: http://purl.org/dc/terms/
    foaf: http://xmlns.com/foaf/0.1/
', '/Dockstore.cwl', 'DOCKSTORE_CWL', '2021-12-10 15:41:45.098', '2021-12-10 15:41:45.098', '/Dockstore.cwl', false, DEFAULT);
INSERT INTO public.sourcefile (id, content, path, type, dbcreatedate, dbupdatedate, absolutepath, frozen, sha256) VALUES (55, 'version 1.0
task bamstats {

    meta {
        author: "YOUR_NAME_HERE"
        email: "YOUR_EMAIL_HERE"
        description: "This is sample WDL Tool code taken and adapted from the [dockstore-tool-bamstats](https://github.com/CancerCollaboratory/dockstore-tool-bamstats/blob/develop/Dockstore.wdl) repository. For more information, see ''Getting Started with WDL'' in the Dockstore Docs."
    }

    input {
        File bam_input
        Int mem_gb
    }

    command {
        bash /usr/local/bin/bamstats ${mem_gb} ${bam_input}
    }

    output {
        File bamstats_report = "bamstats_report.zip"
    }

    runtime {
        docker: "quay.io/collaboratory/dockstore-tool-bamstats:1.25-6_1.0"
        memory: mem_gb + "GB"
    }
}

workflow bamstatsWorkflow {
    input {
        File bam_input
        Int mem_gb
    }
    call bamstats { input: bam_input=bam_input, mem_gb=mem_gb }
}
', '/Dockstore.wdl', 'DOCKSTORE_WDL', '2021-12-10 15:17:17.247', '2021-12-10 15:17:17.247', '/Dockstore.wdl', false, DEFAULT);
INSERT INTO public.sourcefile (id, content, path, type, dbcreatedate, dbupdatedate, absolutepath, frozen, sha256) VALUES (56, 'version 1.0
task bamstats {

    meta {
        author: "YOUR_NAME_HERE"
        email: "YOUR_EMAIL_HERE"
        description: "This is sample WDL Tool code taken and adapted from the [dockstore-tool-bamstats](https://github.com/CancerCollaboratory/dockstore-tool-bamstats/blob/develop/Dockstore.wdl) repository. For more information, see ''Getting Started with WDL'' in the Dockstore Docs."
    }

    input {
        File bam_input
        Int mem_gb
    }

    command {
        bash /usr/local/bin/bamstats ${mem_gb} ${bam_input}
    }

    output {
        File bamstats_report = "bamstats_report.zip"
    }

    runtime {
        docker: "quay.io/collaboratory/dockstore-tool-bamstats:1.25-6_1.0"
        memory: mem_gb + "GB"
    }
}

workflow bamstatsWorkflow {
    input {
        File bam_input
        Int mem_gb
    }
    call bamstats { input: bam_input=bam_input, mem_gb=mem_gb }
}
', '/Dockstore.wdl', 'DOCKSTORE_WDL', '2021-12-10 15:29:00.846', '2021-12-10 15:29:00.846', '/Dockstore.wdl', false, DEFAULT);
INSERT INTO public.sourcefile (id, content, path, type, dbcreatedate, dbupdatedate, absolutepath, frozen, sha256) VALUES (57, '', '/test.wdl.json', 'WDL_TEST_JSON', '2021-12-10 15:29:00.849', '2021-12-10 15:29:00.849', '/test.wdl.json', false, DEFAULT);
INSERT INTO public.sourcefile (id, content, path, type, dbcreatedate, dbupdatedate, absolutepath, frozen, sha256) VALUES (58, '', '/test.cwl.json', 'CWL_TEST_JSON', '2021-12-10 15:31:24.307', '2021-12-10 15:31:24.307', '/test.cwl.json', false, DEFAULT);
INSERT INTO public.sourcefile (id, content, path, type, dbcreatedate, dbupdatedate, absolutepath, frozen, sha256) VALUES (59, '#!/usr/bin/env cwl-runner

cwlVersion: v1.0
id: "YOUR_WORKFLOW"
label: "YOUR_WORKFLOW''s Label"
class: Workflow
doc: |
    This is sample CWL Workflow code.
    For more information, see "Getting Started with CWL" and "CWL Best Practices" in the Dockstore Docs.
inputs:
  bamfile:
    type: File
    doc: "The BAM file used as input."
    format: "http://edamontology.org/format_2572"
  bedfile:
    type: File
  bamqc_pl:
    type: File
  flagstat2json:
    type: File

outputs:
  bamqc_json:
    type: File
    outputSource: bamqc/outjson
  flagstatjson:
    type: File
    outputSource: flagstat_json/flagstat_json

steps:
  flagstat:
    run: flagstat.cwl
    in:
      bamfile: bamfile
    out: [flagstat_file]

  flagstat_json:
    run: flagstat2json.cwl
    in:
      flagstat_file: flagstat/flagstat_file
      flagstat2json: flagstat2json
    out: [flagstat_json]

  bamqc:
    run: bamqc.cwl
    in:
      bamfile: bamfile
      bedfile: bedfile
      bamqc_pl: bamqc_pl
      xtra_json: flagstat_json/flagstat_json
    out: [ outjson ]

s:author:
  - class: s:Person
    s:email: YOUR_EMAIL_HERE
    s:name: YOUR_NAME_HERE
', '/Dockstore.cwl', 'DOCKSTORE_CWL', '2021-12-10 15:31:24.311', '2021-12-10 15:31:24.311', '/Dockstore.cwl', false, DEFAULT);
INSERT INTO public.sourcefile (id, content, path, type, dbcreatedate, dbupdatedate, absolutepath, frozen, sha256) VALUES (61, '', '/Dockerfile', 'DOCKERFILE', '2021-12-10 15:41:23.188', '2021-12-10 15:41:23.188', '/Dockerfile', false, DEFAULT);
INSERT INTO public.sourcefile (id, content, path, type, dbcreatedate, dbupdatedate, absolutepath, frozen, sha256) VALUES (62, '#!/usr/bin/env cwl-runner

class: CommandLineTool
id: "BAMStats"
label: "BAMStats tool"
cwlVersion: v1.1
doc: |
    This is sample CWL Tool code taken and adapted from the [dockstore-tool-bamstats](https://github.com/CancerCollaboratory/dockstore-tool-bamstats/blob/develop/Dockstore.cwl) repository.
    For more information, see "Getting Started with CWL" in the Dockstore Docs.

dct:creator:
  foaf:name: "YOUR_NAME_HERE"
  foaf:mbox: "mailto:YOUR_EMAIL_HERE"

requirements:
  - class: DockerRequirement
    dockerPull: "quay.io/collaboratory/dockstore-tool-bamstats:1.25-6"

hints:
  - class: ResourceRequirement
    coresMin: 1
    ramMin: 4092 #"the process requires at least 4G of RAM
    outdirMin: 512000

inputs:
  mem_gb:
    type: int
    default: 4
    doc: "The memory, in GB, for the reporting tool"
    inputBinding:
      position: 1

  bam_input:
    type: File
    doc: "The BAM file used as input, it must be sorted."
    format: "http://edamontology.org/format_2572"
    inputBinding:
      position: 2

outputs:
  bamstats_report:
    type: File
    format: "http://edamontology.org/format_3615"
    outputBinding:
      glob: bamstats_report.zip
    doc: "A zip file that contains the HTML report and various graphics."


baseCommand: ["bash", "/usr/local/bin/bamstats"]


$namespaces:
    dct: http://purl.org/dc/terms/
    foaf: http://xmlns.com/foaf/0.1/
', '/Dockstore.cwl', 'DOCKSTORE_CWL', '2021-12-10 15:41:23.194', '2021-12-10 15:41:23.194', '/Dockstore.cwl', false, DEFAULT);


--
-- Data for Name: sourcefile_verified; Type: TABLE DATA; Schema: public; Owner: dockstore
--

INSERT INTO public.sourcefile_verified (id, metadata, verified, source, dbcreatedate, dbupdatedate, platformversion) VALUES (57, 'c', true, 'a', NULL, NULL, 'b');
INSERT INTO public.sourcefile_verified (id, metadata, verified, source, dbcreatedate, dbupdatedate, platformversion) VALUES (58, 'c', true, 'a', NULL, NULL, 'b');


--
-- Data for Name: starred; Type: TABLE DATA; Schema: public; Owner: dockstore
--



--
-- Data for Name: starred_organizations; Type: TABLE DATA; Schema: public; Owner: dockstore
--



--
-- Data for Name: tag; Type: TABLE DATA; Schema: public; Owner: dockstore
--

INSERT INTO public.tag (id, dirtybit, lastbuilt, name, reference, valid, automated, cwlpath, dockerfilepath, imageid, size, wdlpath, dbcreatedate, dbupdatedate, referencetype, versioneditor_id, commitid, frozen, parentid) VALUES (115, false, NULL, '1', NULL, true, false, '/Dockstore.cwl', '/Dockerfile', NULL, 0, '/Dockstore.wdl', '2021-12-10 15:41:23.198', '2021-12-10 15:41:23.297', 'TAG', 1, NULL, false, 113);
INSERT INTO public.tag (id, dirtybit, lastbuilt, name, reference, valid, automated, cwlpath, dockerfilepath, imageid, size, wdlpath, dbcreatedate, dbupdatedate, referencetype, versioneditor_id, commitid, frozen, parentid) VALUES (116, false, NULL, '1', NULL, true, false, '/Dockstore.cwl', '/Dockerfile', NULL, 0, '/Dockstore.wdl', '2021-12-10 15:41:45.1', '2021-12-10 15:41:45.146', 'TAG', 1, NULL, false, 114);


--
-- Data for Name: token; Type: TABLE DATA; Schema: public; Owner: dockstore
--

INSERT INTO public.token (id, content, refreshtoken, tokensource, userid, username, dbcreatedate, dbupdatedate, expirationtime, scope, onlineprofileid) VALUES (1, 'fake-admin-token', NULL, 'dockstore', 1, 'user_admin', NULL, NULL, NULL, NULL, NULL);
INSERT INTO public.token (id, content, refreshtoken, tokensource, userid, username, dbcreatedate, dbupdatedate, expirationtime, scope, onlineprofileid) VALUES (2, 'fake-curator-token', NULL, 'dockstore', 2, 'user_curator', NULL, NULL, NULL, NULL, NULL);
INSERT INTO public.token (id, content, refreshtoken, tokensource, userid, username, dbcreatedate, dbupdatedate, expirationtime, scope, onlineprofileid) VALUES (3, 'fake-basic-1-token', NULL, 'dockstore', 3, 'user_basic_1', NULL, NULL, NULL, NULL, NULL);
INSERT INTO public.token (id, content, refreshtoken, tokensource, userid, username, dbcreatedate, dbupdatedate, expirationtime, scope, onlineprofileid) VALUES (4, 'fake-admin-github-token', NULL, 'github.com', 1, 'user_admin', NULL, NULL, NULL, NULL, NULL);
INSERT INTO public.token (id, content, refreshtoken, tokensource, userid, username, dbcreatedate, dbupdatedate, expirationtime, scope, onlineprofileid) VALUES (5, 'fake-admin-quay-token', NULL, 'quay.io', 1, 'user_admin', NULL, NULL, NULL, NULL, NULL);


--
-- Data for Name: tool; Type: TABLE DATA; Schema: public; Owner: dockstore
--

INSERT INTO public.tool (id, author, description, email, giturl, ispublished, lastmodified, lastupdated, lastbuild, mode, name, namespace, privateaccess, registry, toolmaintaineremail, toolname, checkerid, dbcreatedate, dbupdatedate, topicid, conceptdoi, actualdefaultversion, descriptortype, licensename, forumurl, topic) VALUES (113, 'YOUR_NAME_HERE', 'This is sample CWL Tool code taken and adapted from the [dockstore-tool-bamstats](https://github.com/CancerCollaboratory/dockstore-tool-bamstats/blob/develop/Dockstore.cwl) repository.
For more information, see "Getting Started with CWL" in the Dockstore Docs.
', 'YOUR_EMAIL_HERE', NULL, true, '2021-12-10 15:41:07.101', '2021-12-10 15:41:07.101', NULL, 'HOSTED', 'd', 'd', false, 'quay.io', '', NULL, NULL, '2021-12-10 15:41:07.114', '2021-12-10 15:41:25.296', NULL, NULL, 115, 'CWL', NULL, NULL, NULL);
INSERT INTO public.tool (id, author, description, email, giturl, ispublished, lastmodified, lastupdated, lastbuild, mode, name, namespace, privateaccess, registry, toolmaintaineremail, toolname, checkerid, dbcreatedate, dbupdatedate, topicid, conceptdoi, actualdefaultversion, descriptortype, licensename, forumurl, topic) VALUES (114, 'YOUR_NAME_HERE', 'This is sample CWL Tool code taken and adapted from the [dockstore-tool-bamstats](https://github.com/CancerCollaboratory/dockstore-tool-bamstats/blob/develop/Dockstore.cwl) repository.
For more information, see "Getting Started with CWL" in the Dockstore Docs.
', 'YOUR_EMAIL_HERE', NULL, true, '2021-12-10 15:41:35.63', '2021-12-10 15:41:35.63', NULL, 'HOSTED', 'C', 'C', false, 'quay.io', '', NULL, NULL, '2021-12-10 15:41:35.639', '2021-12-10 15:41:47.333', NULL, NULL, 116, 'CWL', NULL, NULL, NULL);


--
-- Data for Name: user_entry; Type: TABLE DATA; Schema: public; Owner: dockstore
--

INSERT INTO public.user_entry (userid, entryid) VALUES (1, 102);
INSERT INTO public.user_entry (userid, entryid) VALUES (1, 103);
INSERT INTO public.user_entry (userid, entryid) VALUES (1, 104);
INSERT INTO public.user_entry (userid, entryid) VALUES (2, 105);
INSERT INTO public.user_entry (userid, entryid) VALUES (2, 106);
INSERT INTO public.user_entry (userid, entryid) VALUES (2, 107);
INSERT INTO public.user_entry (userid, entryid) VALUES (3, 108);
INSERT INTO public.user_entry (userid, entryid) VALUES (3, 109);
INSERT INTO public.user_entry (userid, entryid) VALUES (3, 110);
INSERT INTO public.user_entry (userid, entryid) VALUES (3, 111);
INSERT INTO public.user_entry (userid, entryid) VALUES (3, 112);
INSERT INTO public.user_entry (userid, entryid) VALUES (1, 113);
INSERT INTO public.user_entry (userid, entryid) VALUES (1, 114);


--
-- Data for Name: user_profile; Type: TABLE DATA; Schema: public; Owner: dockstore
--



--
-- Data for Name: validation; Type: TABLE DATA; Schema: public; Owner: dockstore
--

INSERT INTO public.validation (id, dbcreatedate, dbupdatedate, message, type, valid) VALUES (1, '2021-12-10 14:57:42.752', '2021-12-10 14:57:42.752', '{}', 'DOCKSTORE_CWL', true);
INSERT INTO public.validation (id, dbcreatedate, dbupdatedate, message, type, valid) VALUES (2, '2021-12-10 14:57:42.756', '2021-12-10 14:57:42.756', '{}', 'CWL_TEST_JSON', true);
INSERT INTO public.validation (id, dbcreatedate, dbupdatedate, message, type, valid) VALUES (3, '2021-12-10 14:58:07.779', '2021-12-10 14:58:07.779', '{}', 'DOCKSTORE_WDL', true);
INSERT INTO public.validation (id, dbcreatedate, dbupdatedate, message, type, valid) VALUES (4, '2021-12-10 14:58:07.782', '2021-12-10 14:58:07.782', '{}', 'WDL_TEST_JSON', true);
INSERT INTO public.validation (id, dbcreatedate, dbupdatedate, message, type, valid) VALUES (5, '2021-12-10 14:58:30.814', '2021-12-10 14:58:30.814', '{}', 'NEXTFLOW_CONFIG', true);
INSERT INTO public.validation (id, dbcreatedate, dbupdatedate, message, type, valid) VALUES (6, '2021-12-10 15:13:08.82', '2021-12-10 15:13:08.82', '{}', 'DOCKSTORE_CWL', true);
INSERT INTO public.validation (id, dbcreatedate, dbupdatedate, message, type, valid) VALUES (7, '2021-12-10 15:13:08.824', '2021-12-10 15:13:08.824', '{}', 'CWL_TEST_JSON', true);
INSERT INTO public.validation (id, dbcreatedate, dbupdatedate, message, type, valid) VALUES (8, '2021-12-10 15:13:20.89', '2021-12-10 15:13:20.89', '{}', 'DOCKSTORE_WDL', true);
INSERT INTO public.validation (id, dbcreatedate, dbupdatedate, message, type, valid) VALUES (9, '2021-12-10 15:13:20.893', '2021-12-10 15:13:20.893', '{}', 'WDL_TEST_JSON', true);
INSERT INTO public.validation (id, dbcreatedate, dbupdatedate, message, type, valid) VALUES (10, '2021-12-10 15:13:38', '2021-12-10 15:13:38', '{}', 'NEXTFLOW_CONFIG', true);
INSERT INTO public.validation (id, dbcreatedate, dbupdatedate, message, type, valid) VALUES (11, '2021-12-10 15:16:17.517', '2021-12-10 15:16:17.517', '{}', 'DOCKSTORE_CWL', true);
INSERT INTO public.validation (id, dbcreatedate, dbupdatedate, message, type, valid) VALUES (12, '2021-12-10 15:16:17.52', '2021-12-10 15:16:17.52', '{}', 'CWL_TEST_JSON', true);
INSERT INTO public.validation (id, dbcreatedate, dbupdatedate, message, type, valid) VALUES (13, '2021-12-10 15:16:31.823', '2021-12-10 15:16:31.823', '{}', 'DOCKSTORE_WDL', true);
INSERT INTO public.validation (id, dbcreatedate, dbupdatedate, message, type, valid) VALUES (14, '2021-12-10 15:16:31.827', '2021-12-10 15:16:31.827', '{}', 'WDL_TEST_JSON', true);
INSERT INTO public.validation (id, dbcreatedate, dbupdatedate, message, type, valid) VALUES (15, '2021-12-10 15:16:50.349', '2021-12-10 15:16:50.349', '{}', 'NEXTFLOW_CONFIG', true);
INSERT INTO public.validation (id, dbcreatedate, dbupdatedate, message, type, valid) VALUES (16, '2021-12-10 15:17:04.005', '2021-12-10 15:17:04.005', '{}', 'DOCKSTORE_CWL', true);
INSERT INTO public.validation (id, dbcreatedate, dbupdatedate, message, type, valid) VALUES (17, '2021-12-10 15:17:04.009', '2021-12-10 15:17:04.009', '{}', 'CWL_TEST_JSON', true);
INSERT INTO public.validation (id, dbcreatedate, dbupdatedate, message, type, valid) VALUES (18, '2021-12-10 15:17:17.266', '2021-12-10 15:17:17.266', '{}', 'DOCKSTORE_WDL', true);
INSERT INTO public.validation (id, dbcreatedate, dbupdatedate, message, type, valid) VALUES (19, '2021-12-10 15:17:17.271', '2021-12-10 15:17:17.271', '{}', 'WDL_TEST_JSON', true);
INSERT INTO public.validation (id, dbcreatedate, dbupdatedate, message, type, valid) VALUES (20, '2021-12-10 15:29:00.866', '2021-12-10 15:29:00.866', '{}', 'DOCKSTORE_WDL', true);
INSERT INTO public.validation (id, dbcreatedate, dbupdatedate, message, type, valid) VALUES (21, '2021-12-10 15:29:00.87', '2021-12-10 15:29:00.87', '{}', 'WDL_TEST_JSON', true);
INSERT INTO public.validation (id, dbcreatedate, dbupdatedate, message, type, valid) VALUES (22, '2021-12-10 15:31:24.347', '2021-12-10 15:31:24.347', '{}', 'DOCKSTORE_CWL', true);
INSERT INTO public.validation (id, dbcreatedate, dbupdatedate, message, type, valid) VALUES (23, '2021-12-10 15:31:24.35', '2021-12-10 15:31:24.35', '{}', 'CWL_TEST_JSON', true);
INSERT INTO public.validation (id, dbcreatedate, dbupdatedate, message, type, valid) VALUES (24, '2021-12-10 15:41:23.242', '2021-12-10 15:41:23.242', '{}', 'DOCKSTORE_CWL', true);
INSERT INTO public.validation (id, dbcreatedate, dbupdatedate, message, type, valid) VALUES (25, '2021-12-10 15:41:23.244', '2021-12-10 15:41:23.245', '{"/Dockstore.wdl":"Primary WDL descriptor is not present."}', 'DOCKSTORE_WDL', false);
INSERT INTO public.validation (id, dbcreatedate, dbupdatedate, message, type, valid) VALUES (26, '2021-12-10 15:41:23.247', '2021-12-10 15:41:23.247', '{}', 'DOCKERFILE', true);
INSERT INTO public.validation (id, dbcreatedate, dbupdatedate, message, type, valid) VALUES (27, '2021-12-10 15:41:23.25', '2021-12-10 15:41:23.25', '{}', 'CWL_TEST_JSON', true);
INSERT INTO public.validation (id, dbcreatedate, dbupdatedate, message, type, valid) VALUES (28, '2021-12-10 15:41:23.253', '2021-12-10 15:41:23.253', '{}', 'WDL_TEST_JSON', true);
INSERT INTO public.validation (id, dbcreatedate, dbupdatedate, message, type, valid) VALUES (29, '2021-12-10 15:41:45.131', '2021-12-10 15:41:45.131', '{}', 'DOCKSTORE_CWL', true);
INSERT INTO public.validation (id, dbcreatedate, dbupdatedate, message, type, valid) VALUES (30, '2021-12-10 15:41:45.133', '2021-12-10 15:41:45.133', '{"/Dockstore.wdl":"Primary WDL descriptor is not present."}', 'DOCKSTORE_WDL', false);
INSERT INTO public.validation (id, dbcreatedate, dbupdatedate, message, type, valid) VALUES (31, '2021-12-10 15:41:45.136', '2021-12-10 15:41:45.136', '{}', 'DOCKERFILE', true);
INSERT INTO public.validation (id, dbcreatedate, dbupdatedate, message, type, valid) VALUES (32, '2021-12-10 15:41:45.139', '2021-12-10 15:41:45.139', '{}', 'CWL_TEST_JSON', true);
INSERT INTO public.validation (id, dbcreatedate, dbupdatedate, message, type, valid) VALUES (33, '2021-12-10 15:41:45.142', '2021-12-10 15:41:45.142', '{}', 'WDL_TEST_JSON', true);


--
-- Data for Name: version_input_fileformat; Type: TABLE DATA; Schema: public; Owner: dockstore
--

INSERT INTO public.version_input_fileformat (versionid, fileformatid) VALUES (105, 1);
INSERT INTO public.version_input_fileformat (versionid, fileformatid) VALUES (108, 1);
INSERT INTO public.version_input_fileformat (versionid, fileformatid) VALUES (111, 1);
INSERT INTO public.version_input_fileformat (versionid, fileformatid) VALUES (102, 1);
INSERT INTO public.version_input_fileformat (versionid, fileformatid) VALUES (114, 1);
INSERT INTO public.version_input_fileformat (versionid, fileformatid) VALUES (115, 1);
INSERT INTO public.version_input_fileformat (versionid, fileformatid) VALUES (116, 1);


--
-- Data for Name: version_metadata; Type: TABLE DATA; Schema: public; Owner: dockstore
--

INSERT INTO public.version_metadata (doistatus, doiurl, hidden, verified, verifiedsource, id, author, description, description_source, email, dbcreatedate, dbupdatedate, publicaccessibletestparameterfile) VALUES ('NOT_REQUESTED', NULL, false, false, NULL, 102, NULL, 'This is sample CWL Workflow code.
For more information, see "Getting Started with CWL" and "CWL Best Practices" in the Dockstore Docs.
', 'DESCRIPTOR', NULL, '2021-12-10 14:57:42.758', '2021-12-10 14:57:42.758', NULL);
INSERT INTO public.version_metadata (doistatus, doiurl, hidden, verified, verifiedsource, id, author, description, description_source, email, dbcreatedate, dbupdatedate, publicaccessibletestparameterfile) VALUES ('NOT_REQUESTED', NULL, false, false, NULL, 103, NULL, 'This is sample WDL Tool code taken and adapted from the [dockstore-tool-bamstats](https://github.com/CancerCollaboratory/dockstore-tool-bamstats/blob/develop/Dockstore.wdl) repository. For more information, see ''Getting Started with WDL'' in the Dockstore Docs.', 'DESCRIPTOR', NULL, '2021-12-10 14:58:07.784', '2021-12-10 14:58:07.784', NULL);
INSERT INTO public.version_metadata (doistatus, doiurl, hidden, verified, verifiedsource, id, author, description, description_source, email, dbcreatedate, dbupdatedate, publicaccessibletestparameterfile) VALUES ('NOT_REQUESTED', NULL, false, false, NULL, 104, NULL, 'This is sample NextFlow code. For more information, see "Getting Started with NextFlow" in the Dockstore Docs.', 'DESCRIPTOR', NULL, '2021-12-10 14:58:30.817', '2021-12-10 14:58:30.817', NULL);
INSERT INTO public.version_metadata (doistatus, doiurl, hidden, verified, verifiedsource, id, author, description, description_source, email, dbcreatedate, dbupdatedate, publicaccessibletestparameterfile) VALUES ('NOT_REQUESTED', NULL, false, false, NULL, 105, NULL, 'This is sample CWL Workflow code.
For more information, see "Getting Started with CWL" and "CWL Best Practices" in the Dockstore Docs.
', 'DESCRIPTOR', NULL, '2021-12-10 15:13:08.827', '2021-12-10 15:13:08.827', NULL);
INSERT INTO public.version_metadata (doistatus, doiurl, hidden, verified, verifiedsource, id, author, description, description_source, email, dbcreatedate, dbupdatedate, publicaccessibletestparameterfile) VALUES ('NOT_REQUESTED', NULL, false, false, NULL, 106, NULL, 'This is sample WDL Tool code taken and adapted from the [dockstore-tool-bamstats](https://github.com/CancerCollaboratory/dockstore-tool-bamstats/blob/develop/Dockstore.wdl) repository. For more information, see ''Getting Started with WDL'' in the Dockstore Docs.', 'DESCRIPTOR', NULL, '2021-12-10 15:13:20.896', '2021-12-10 15:13:20.896', NULL);
INSERT INTO public.version_metadata (doistatus, doiurl, hidden, verified, verifiedsource, id, author, description, description_source, email, dbcreatedate, dbupdatedate, publicaccessibletestparameterfile) VALUES ('NOT_REQUESTED', NULL, false, false, NULL, 107, NULL, 'This is sample NextFlow code. For more information, see "Getting Started with NextFlow" in the Dockstore Docs.', 'DESCRIPTOR', NULL, '2021-12-10 15:13:38.004', '2021-12-10 15:13:38.004', NULL);
INSERT INTO public.version_metadata (doistatus, doiurl, hidden, verified, verifiedsource, id, author, description, description_source, email, dbcreatedate, dbupdatedate, publicaccessibletestparameterfile) VALUES ('NOT_REQUESTED', NULL, false, false, NULL, 108, NULL, 'This is sample CWL Workflow code.
For more information, see "Getting Started with CWL" and "CWL Best Practices" in the Dockstore Docs.
', 'DESCRIPTOR', NULL, '2021-12-10 15:16:17.523', '2021-12-10 15:16:17.523', NULL);
INSERT INTO public.version_metadata (doistatus, doiurl, hidden, verified, verifiedsource, id, author, description, description_source, email, dbcreatedate, dbupdatedate, publicaccessibletestparameterfile) VALUES ('NOT_REQUESTED', NULL, false, false, NULL, 109, NULL, 'This is sample WDL Tool code taken and adapted from the [dockstore-tool-bamstats](https://github.com/CancerCollaboratory/dockstore-tool-bamstats/blob/develop/Dockstore.wdl) repository. For more information, see ''Getting Started with WDL'' in the Dockstore Docs.', 'DESCRIPTOR', NULL, '2021-12-10 15:16:31.83', '2021-12-10 15:16:31.83', NULL);
INSERT INTO public.version_metadata (doistatus, doiurl, hidden, verified, verifiedsource, id, author, description, description_source, email, dbcreatedate, dbupdatedate, publicaccessibletestparameterfile) VALUES ('NOT_REQUESTED', NULL, false, false, NULL, 110, NULL, 'This is sample NextFlow code. For more information, see "Getting Started with NextFlow" in the Dockstore Docs.', 'DESCRIPTOR', NULL, '2021-12-10 15:16:50.352', '2021-12-10 15:16:50.352', NULL);
INSERT INTO public.version_metadata (doistatus, doiurl, hidden, verified, verifiedsource, id, author, description, description_source, email, dbcreatedate, dbupdatedate, publicaccessibletestparameterfile) VALUES ('NOT_REQUESTED', NULL, false, false, NULL, 111, NULL, 'This is sample CWL Workflow code.
For more information, see "Getting Started with CWL" and "CWL Best Practices" in the Dockstore Docs.
', 'DESCRIPTOR', NULL, '2021-12-10 15:17:04.012', '2021-12-10 15:17:04.012', NULL);
INSERT INTO public.version_metadata (doistatus, doiurl, hidden, verified, verifiedsource, id, author, description, description_source, email, dbcreatedate, dbupdatedate, publicaccessibletestparameterfile) VALUES ('NOT_REQUESTED', NULL, false, false, NULL, 112, NULL, 'This is sample WDL Tool code taken and adapted from the [dockstore-tool-bamstats](https://github.com/CancerCollaboratory/dockstore-tool-bamstats/blob/develop/Dockstore.wdl) repository. For more information, see ''Getting Started with WDL'' in the Dockstore Docs.', 'DESCRIPTOR', NULL, '2021-12-10 15:17:17.275', '2021-12-10 15:17:17.275', NULL);
INSERT INTO public.version_metadata (doistatus, doiurl, hidden, verified, verifiedsource, id, author, description, description_source, email, dbcreatedate, dbupdatedate, publicaccessibletestparameterfile) VALUES ('NOT_REQUESTED', NULL, false, true, '["c"]', 113, NULL, 'This is sample WDL Tool code taken and adapted from the [dockstore-tool-bamstats](https://github.com/CancerCollaboratory/dockstore-tool-bamstats/blob/develop/Dockstore.wdl) repository. For more information, see ''Getting Started with WDL'' in the Dockstore Docs.', 'DESCRIPTOR', NULL, '2021-12-10 15:29:00.873', '2021-12-10 15:30:29.074', NULL);
INSERT INTO public.version_metadata (doistatus, doiurl, hidden, verified, verifiedsource, id, author, description, description_source, email, dbcreatedate, dbupdatedate, publicaccessibletestparameterfile) VALUES ('NOT_REQUESTED', NULL, false, true, '["c"]', 114, NULL, 'This is sample CWL Workflow code.
For more information, see "Getting Started with CWL" and "CWL Best Practices" in the Dockstore Docs.
', 'DESCRIPTOR', NULL, '2021-12-10 15:31:24.353', '2021-12-10 15:31:37.874', NULL);
INSERT INTO public.version_metadata (doistatus, doiurl, hidden, verified, verifiedsource, id, author, description, description_source, email, dbcreatedate, dbupdatedate, publicaccessibletestparameterfile) VALUES ('NOT_REQUESTED', NULL, false, false, NULL, 115, NULL, 'This is sample CWL Tool code taken and adapted from the [dockstore-tool-bamstats](https://github.com/CancerCollaboratory/dockstore-tool-bamstats/blob/develop/Dockstore.cwl) repository.
For more information, see "Getting Started with CWL" in the Dockstore Docs.
', 'DESCRIPTOR', NULL, '2021-12-10 15:41:23.257', '2021-12-10 15:41:23.257', NULL);
INSERT INTO public.version_metadata (doistatus, doiurl, hidden, verified, verifiedsource, id, author, description, description_source, email, dbcreatedate, dbupdatedate, publicaccessibletestparameterfile) VALUES ('NOT_REQUESTED', NULL, false, false, NULL, 116, NULL, 'This is sample CWL Tool code taken and adapted from the [dockstore-tool-bamstats](https://github.com/CancerCollaboratory/dockstore-tool-bamstats/blob/develop/Dockstore.cwl) repository.
For more information, see "Getting Started with CWL" in the Dockstore Docs.
', 'DESCRIPTOR', NULL, '2021-12-10 15:41:45.144', '2021-12-10 15:41:45.144', NULL);


--
-- Data for Name: version_metadata_orcidputcode; Type: TABLE DATA; Schema: public; Owner: dockstore
--



--
-- Data for Name: version_orcidauthor; Type: TABLE DATA; Schema: public; Owner: dockstore
--



--
-- Data for Name: version_output_fileformat; Type: TABLE DATA; Schema: public; Owner: dockstore
--

INSERT INTO public.version_output_fileformat (versionid, fileformatid) VALUES (115, 2);
INSERT INTO public.version_output_fileformat (versionid, fileformatid) VALUES (116, 2);


--
-- Data for Name: version_sourcefile; Type: TABLE DATA; Schema: public; Owner: dockstore
--

INSERT INTO public.version_sourcefile (versionid, sourcefileid) VALUES (102, 42);
INSERT INTO public.version_sourcefile (versionid, sourcefileid) VALUES (103, 43);
INSERT INTO public.version_sourcefile (versionid, sourcefileid) VALUES (104, 44);
INSERT INTO public.version_sourcefile (versionid, sourcefileid) VALUES (104, 45);
INSERT INTO public.version_sourcefile (versionid, sourcefileid) VALUES (105, 46);
INSERT INTO public.version_sourcefile (versionid, sourcefileid) VALUES (106, 47);
INSERT INTO public.version_sourcefile (versionid, sourcefileid) VALUES (107, 48);
INSERT INTO public.version_sourcefile (versionid, sourcefileid) VALUES (107, 49);
INSERT INTO public.version_sourcefile (versionid, sourcefileid) VALUES (108, 50);
INSERT INTO public.version_sourcefile (versionid, sourcefileid) VALUES (109, 51);
INSERT INTO public.version_sourcefile (versionid, sourcefileid) VALUES (110, 52);
INSERT INTO public.version_sourcefile (versionid, sourcefileid) VALUES (110, 53);
INSERT INTO public.version_sourcefile (versionid, sourcefileid) VALUES (111, 54);
INSERT INTO public.version_sourcefile (versionid, sourcefileid) VALUES (112, 55);
INSERT INTO public.version_sourcefile (versionid, sourcefileid) VALUES (113, 56);
INSERT INTO public.version_sourcefile (versionid, sourcefileid) VALUES (113, 57);
INSERT INTO public.version_sourcefile (versionid, sourcefileid) VALUES (114, 59);
INSERT INTO public.version_sourcefile (versionid, sourcefileid) VALUES (114, 58);
INSERT INTO public.version_sourcefile (versionid, sourcefileid) VALUES (115, 61);
INSERT INTO public.version_sourcefile (versionid, sourcefileid) VALUES (115, 62);
INSERT INTO public.version_sourcefile (versionid, sourcefileid) VALUES (116, 63);
INSERT INTO public.version_sourcefile (versionid, sourcefileid) VALUES (116, 65);
INSERT INTO public.version_sourcefile (versionid, sourcefileid) VALUES (116, 64);


--
-- Data for Name: version_validation; Type: TABLE DATA; Schema: public; Owner: dockstore
--

INSERT INTO public.version_validation (versionid, validationid) VALUES (102, 1);
INSERT INTO public.version_validation (versionid, validationid) VALUES (102, 2);
INSERT INTO public.version_validation (versionid, validationid) VALUES (103, 3);
INSERT INTO public.version_validation (versionid, validationid) VALUES (103, 4);
INSERT INTO public.version_validation (versionid, validationid) VALUES (104, 5);
INSERT INTO public.version_validation (versionid, validationid) VALUES (105, 6);
INSERT INTO public.version_validation (versionid, validationid) VALUES (105, 7);
INSERT INTO public.version_validation (versionid, validationid) VALUES (106, 8);
INSERT INTO public.version_validation (versionid, validationid) VALUES (106, 9);
INSERT INTO public.version_validation (versionid, validationid) VALUES (107, 10);
INSERT INTO public.version_validation (versionid, validationid) VALUES (108, 11);
INSERT INTO public.version_validation (versionid, validationid) VALUES (108, 12);
INSERT INTO public.version_validation (versionid, validationid) VALUES (109, 13);
INSERT INTO public.version_validation (versionid, validationid) VALUES (109, 14);
INSERT INTO public.version_validation (versionid, validationid) VALUES (110, 15);
INSERT INTO public.version_validation (versionid, validationid) VALUES (111, 16);
INSERT INTO public.version_validation (versionid, validationid) VALUES (111, 17);
INSERT INTO public.version_validation (versionid, validationid) VALUES (112, 18);
INSERT INTO public.version_validation (versionid, validationid) VALUES (112, 19);
INSERT INTO public.version_validation (versionid, validationid) VALUES (113, 20);
INSERT INTO public.version_validation (versionid, validationid) VALUES (113, 21);
INSERT INTO public.version_validation (versionid, validationid) VALUES (114, 22);
INSERT INTO public.version_validation (versionid, validationid) VALUES (114, 23);
INSERT INTO public.version_validation (versionid, validationid) VALUES (115, 24);
INSERT INTO public.version_validation (versionid, validationid) VALUES (115, 25);
INSERT INTO public.version_validation (versionid, validationid) VALUES (115, 26);
INSERT INTO public.version_validation (versionid, validationid) VALUES (115, 27);
INSERT INTO public.version_validation (versionid, validationid) VALUES (115, 28);
INSERT INTO public.version_validation (versionid, validationid) VALUES (116, 29);
INSERT INTO public.version_validation (versionid, validationid) VALUES (116, 30);
INSERT INTO public.version_validation (versionid, validationid) VALUES (116, 31);
INSERT INTO public.version_validation (versionid, validationid) VALUES (116, 32);
INSERT INTO public.version_validation (versionid, validationid) VALUES (116, 33);


--
-- Data for Name: workflow; Type: TABLE DATA; Schema: public; Owner: dockstore
--

INSERT INTO public.workflow (id, author, description, email, giturl, ispublished, lastmodified, lastupdated, descriptortype, mode, organization, repository, workflowname, sourcecontrol, checkerid, ischecker, dbcreatedate, dbupdatedate, topicid, conceptdoi, descriptortypesubclass, actualdefaultversion, licensename, forumurl, topic) VALUES (110, 'YOUR_NAME_HERE', 'This is sample NextFlow code. For more information, see "Getting Started with NextFlow" in the Dockstore Docs.', NULL, NULL, true, '2021-12-10 15:16:45.794', '2021-12-10 15:16:40.263', 'nfl', 'HOSTED', 'user_basic_1', 'C', NULL, 'dockstore.org', NULL, false, '2021-12-10 15:16:40.277', '2021-12-10 15:16:51.913', NULL, NULL, 'n/a', 110, NULL, NULL, NULL);
INSERT INTO public.workflow (id, author, description, email, giturl, ispublished, lastmodified, lastupdated, descriptortype, mode, organization, repository, workflowname, sourcecontrol, checkerid, ischecker, dbcreatedate, dbupdatedate, topicid, conceptdoi, descriptortypesubclass, actualdefaultversion, licensename, forumurl, topic) VALUES (104, 'YOUR_NAME_HERE', 'This is sample NextFlow code. For more information, see "Getting Started with NextFlow" in the Dockstore Docs.', NULL, NULL, true, '2021-12-10 14:58:25.543', '2021-12-10 14:58:20.288', 'nfl', 'HOSTED', 'user_admin', 'C', NULL, 'dockstore.org', NULL, false, '2021-12-10 14:58:20.298', '2021-12-10 14:58:32.844', NULL, NULL, 'n/a', 104, NULL, NULL, NULL);
INSERT INTO public.workflow (id, author, description, email, giturl, ispublished, lastmodified, lastupdated, descriptortype, mode, organization, repository, workflowname, sourcecontrol, checkerid, ischecker, dbcreatedate, dbupdatedate, topicid, conceptdoi, descriptortypesubclass, actualdefaultversion, licensename, forumurl, topic) VALUES (105, 'YOUR_NAME_HERE', 'This is sample CWL Workflow code.
For more information, see "Getting Started with CWL" and "CWL Best Practices" in the Dockstore Docs.
', 'YOUR_EMAIL_HERE', NULL, true, '2021-12-10 15:13:08.768', '2021-12-10 15:13:03.144', 'cwl', 'HOSTED', 'user_curator', 'A', NULL, 'dockstore.org', NULL, false, '2021-12-10 15:13:03.152', '2021-12-10 15:13:42.19', NULL, NULL, 'n/a', 105, NULL, NULL, NULL);
INSERT INTO public.workflow (id, author, description, email, giturl, ispublished, lastmodified, lastupdated, descriptortype, mode, organization, repository, workflowname, sourcecontrol, checkerid, ischecker, dbcreatedate, dbupdatedate, topicid, conceptdoi, descriptortypesubclass, actualdefaultversion, licensename, forumurl, topic) VALUES (106, 'YOUR_NAME_HERE', 'This is sample WDL Tool code taken and adapted from the [dockstore-tool-bamstats](https://github.com/CancerCollaboratory/dockstore-tool-bamstats/blob/develop/Dockstore.wdl) repository. For more information, see ''Getting Started with WDL'' in the Dockstore Docs.', 'YOUR_EMAIL_HERE', NULL, true, '2021-12-10 15:13:20.809', '2021-12-10 15:13:16.67', 'wdl', 'HOSTED', 'user_curator', 'B', NULL, 'dockstore.org', NULL, false, '2021-12-10 15:13:16.677', '2021-12-10 15:13:46.09', NULL, NULL, 'n/a', 106, NULL, NULL, NULL);
INSERT INTO public.workflow (id, author, description, email, giturl, ispublished, lastmodified, lastupdated, descriptortype, mode, organization, repository, workflowname, sourcecontrol, checkerid, ischecker, dbcreatedate, dbupdatedate, topicid, conceptdoi, descriptortypesubclass, actualdefaultversion, licensename, forumurl, topic) VALUES (107, 'YOUR_NAME_HERE', 'This is sample NextFlow code. For more information, see "Getting Started with NextFlow" in the Dockstore Docs.', NULL, NULL, true, '2021-12-10 15:13:33.202', '2021-12-10 15:13:28.679', 'nfl', 'HOSTED', 'user_curator', 'C', NULL, 'dockstore.org', NULL, false, '2021-12-10 15:13:28.687', '2021-12-10 15:13:49.751', NULL, NULL, 'n/a', 107, NULL, NULL, NULL);
INSERT INTO public.workflow (id, author, description, email, giturl, ispublished, lastmodified, lastupdated, descriptortype, mode, organization, repository, workflowname, sourcecontrol, checkerid, ischecker, dbcreatedate, dbupdatedate, topicid, conceptdoi, descriptortypesubclass, actualdefaultversion, licensename, forumurl, topic) VALUES (108, 'YOUR_NAME_HERE', 'This is sample CWL Workflow code.
For more information, see "Getting Started with CWL" and "CWL Best Practices" in the Dockstore Docs.
', 'YOUR_EMAIL_HERE', NULL, true, '2021-12-10 15:16:17.475', '2021-12-10 15:16:11.612', 'cwl', 'HOSTED', 'user_basic_1', 'A', NULL, 'dockstore.org', NULL, false, '2021-12-10 15:16:11.62', '2021-12-10 15:16:19.957', NULL, NULL, 'n/a', 108, NULL, NULL, NULL);
INSERT INTO public.workflow (id, author, description, email, giturl, ispublished, lastmodified, lastupdated, descriptortype, mode, organization, repository, workflowname, sourcecontrol, checkerid, ischecker, dbcreatedate, dbupdatedate, topicid, conceptdoi, descriptortypesubclass, actualdefaultversion, licensename, forumurl, topic) VALUES (109, 'YOUR_NAME_HERE', 'This is sample WDL Tool code taken and adapted from the [dockstore-tool-bamstats](https://github.com/CancerCollaboratory/dockstore-tool-bamstats/blob/develop/Dockstore.wdl) repository. For more information, see ''Getting Started with WDL'' in the Dockstore Docs.', 'YOUR_EMAIL_HERE', NULL, true, '2021-12-10 15:16:31.759', '2021-12-10 15:16:26.396', 'wdl', 'HOSTED', 'user_basic_1', 'B', NULL, 'dockstore.org', NULL, false, '2021-12-10 15:16:26.404', '2021-12-10 15:16:34.566', NULL, NULL, 'n/a', 109, NULL, NULL, NULL);
INSERT INTO public.workflow (id, author, description, email, giturl, ispublished, lastmodified, lastupdated, descriptortype, mode, organization, repository, workflowname, sourcecontrol, checkerid, ischecker, dbcreatedate, dbupdatedate, topicid, conceptdoi, descriptortypesubclass, actualdefaultversion, licensename, forumurl, topic) VALUES (111, 'YOUR_NAME_HERE', 'This is sample CWL Workflow code.
For more information, see "Getting Started with CWL" and "CWL Best Practices" in the Dockstore Docs.
', 'YOUR_EMAIL_HERE', NULL, true, '2021-12-10 15:17:03.962', '2021-12-10 15:16:58.245', 'cwl', 'HOSTED', 'user_basic_1', 'AA', NULL, 'dockstore.org', NULL, false, '2021-12-10 15:16:58.257', '2021-12-10 15:17:05.998', NULL, NULL, 'n/a', 111, NULL, NULL, NULL);
INSERT INTO public.workflow (id, author, description, email, giturl, ispublished, lastmodified, lastupdated, descriptortype, mode, organization, repository, workflowname, sourcecontrol, checkerid, ischecker, dbcreatedate, dbupdatedate, topicid, conceptdoi, descriptortypesubclass, actualdefaultversion, licensename, forumurl, topic) VALUES (112, 'YOUR_NAME_HERE', 'This is sample WDL Tool code taken and adapted from the [dockstore-tool-bamstats](https://github.com/CancerCollaboratory/dockstore-tool-bamstats/blob/develop/Dockstore.wdl) repository. For more information, see ''Getting Started with WDL'' in the Dockstore Docs.', 'YOUR_EMAIL_HERE', NULL, true, '2021-12-10 15:17:17.203', '2021-12-10 15:17:13.089', 'wdl', 'HOSTED', 'user_basic_1', 'BB', NULL, 'dockstore.org', NULL, false, '2021-12-10 15:17:13.097', '2021-12-10 15:17:19.401', NULL, NULL, 'n/a', 112, NULL, NULL, NULL);
INSERT INTO public.workflow (id, author, description, email, giturl, ispublished, lastmodified, lastupdated, descriptortype, mode, organization, repository, workflowname, sourcecontrol, checkerid, ischecker, dbcreatedate, dbupdatedate, topicid, conceptdoi, descriptortypesubclass, actualdefaultversion, licensename, forumurl, topic) VALUES (103, 'YOUR_NAME_HERE', 'This is sample WDL Tool code taken and adapted from the [dockstore-tool-bamstats](https://github.com/CancerCollaboratory/dockstore-tool-bamstats/blob/develop/Dockstore.wdl) repository. For more information, see ''Getting Started with WDL'' in the Dockstore Docs.', 'YOUR_EMAIL_HERE', NULL, true, '2021-12-10 15:29:00.792', '2021-12-10 14:57:59.702', 'wdl', 'HOSTED', 'user_admin', 'B', NULL, 'dockstore.org', NULL, false, '2021-12-10 14:57:59.713', '2021-12-10 15:29:00.876', NULL, NULL, 'n/a', 113, NULL, NULL, NULL);
INSERT INTO public.workflow (id, author, description, email, giturl, ispublished, lastmodified, lastupdated, descriptortype, mode, organization, repository, workflowname, sourcecontrol, checkerid, ischecker, dbcreatedate, dbupdatedate, topicid, conceptdoi, descriptortypesubclass, actualdefaultversion, licensename, forumurl, topic) VALUES (102, 'YOUR_NAME_HERE', 'This is sample CWL Workflow code.
For more information, see "Getting Started with CWL" and "CWL Best Practices" in the Dockstore Docs.
', 'YOUR_EMAIL_HERE', NULL, true, '2021-12-10 15:31:24.286', '2021-12-10 14:57:37.478', 'cwl', 'HOSTED', 'user_admin', 'A', NULL, 'dockstore.org', NULL, false, '2021-12-10 14:57:37.552', '2021-12-10 15:32:50.376', NULL, NULL, 'n/a', 102, NULL, NULL, NULL);


--
-- Data for Name: workflowversion; Type: TABLE DATA; Schema: public; Owner: dockstore
--

INSERT INTO public.workflowversion (id, dirtybit, lastmodified, name, reference, valid, workflowpath, dbcreatedate, dbupdatedate, referencetype, versioneditor_id, commitid, subclass, frozen, parentid, islegacyversion, dagjson, tooltablejson, synced) VALUES (114, false, '2021-12-10 15:31:24.286', '2', NULL, true, '/Dockstore.cwl', '2021-12-10 15:31:24.314', '2021-12-10 15:31:24.879', 'TAG', 1, NULL, NULL, false, 102, true, NULL, '[]', false);
INSERT INTO public.workflowversion (id, dirtybit, lastmodified, name, reference, valid, workflowpath, dbcreatedate, dbupdatedate, referencetype, versioneditor_id, commitid, subclass, frozen, parentid, islegacyversion, dagjson, tooltablejson, synced) VALUES (104, false, '2021-12-10 14:58:25.543', '1', NULL, true, '/nextflow.config', '2021-12-10 14:58:30.804', '2021-12-10 14:58:37.652', 'TAG', 1, NULL, NULL, false, 104, true, NULL, '[{"id":"bamstats","file":"main.nf","docker":"quay.io/collaboratory/dockstore-tool-bamstats:1.25-6_1.0","link":"https://quay.io/repository/collaboratory/dockstore-tool-bamstats","specifier":"TAG"}]', false);
INSERT INTO public.workflowversion (id, dirtybit, lastmodified, name, reference, valid, workflowpath, dbcreatedate, dbupdatedate, referencetype, versioneditor_id, commitid, subclass, frozen, parentid, islegacyversion, dagjson, tooltablejson, synced) VALUES (105, false, '2021-12-10 15:13:08.768', '1', NULL, true, '/Dockstore.cwl', '2021-12-10 15:13:08.793', '2021-12-10 15:13:09.325', 'TAG', 2, NULL, NULL, false, 105, true, NULL, '[]', false);
INSERT INTO public.workflowversion (id, dirtybit, lastmodified, name, reference, valid, workflowpath, dbcreatedate, dbupdatedate, referencetype, versioneditor_id, commitid, subclass, frozen, parentid, islegacyversion, dagjson, tooltablejson, synced) VALUES (106, false, '2021-12-10 15:13:20.809', '1', NULL, true, '/Dockstore.wdl', '2021-12-10 15:13:20.876', '2021-12-10 15:13:21.506', 'TAG', 2, NULL, NULL, false, 106, true, NULL, '[{"id":"bamstats","file":"/Dockstore.wdl","docker":"quay.io/collaboratory/dockstore-tool-bamstats:1.25-6_1.0","link":"https://quay.io/repository/collaboratory/dockstore-tool-bamstats","specifier":"TAG"}]', false);
INSERT INTO public.workflowversion (id, dirtybit, lastmodified, name, reference, valid, workflowpath, dbcreatedate, dbupdatedate, referencetype, versioneditor_id, commitid, subclass, frozen, parentid, islegacyversion, dagjson, tooltablejson, synced) VALUES (107, false, '2021-12-10 15:13:33.202', '1', NULL, true, '/nextflow.config', '2021-12-10 15:13:37.99', '2021-12-10 15:13:43.831', 'TAG', 2, NULL, NULL, false, 107, true, NULL, '[{"id":"bamstats","file":"main.nf","docker":"quay.io/collaboratory/dockstore-tool-bamstats:1.25-6_1.0","link":"https://quay.io/repository/collaboratory/dockstore-tool-bamstats","specifier":"TAG"}]', false);
INSERT INTO public.workflowversion (id, dirtybit, lastmodified, name, reference, valid, workflowpath, dbcreatedate, dbupdatedate, referencetype, versioneditor_id, commitid, subclass, frozen, parentid, islegacyversion, dagjson, tooltablejson, synced) VALUES (108, false, '2021-12-10 15:16:17.475', '1', NULL, true, '/Dockstore.cwl', '2021-12-10 15:16:17.494', '2021-12-10 15:16:18.005', 'TAG', 3, NULL, NULL, false, 108, true, NULL, '[]', false);
INSERT INTO public.workflowversion (id, dirtybit, lastmodified, name, reference, valid, workflowpath, dbcreatedate, dbupdatedate, referencetype, versioneditor_id, commitid, subclass, frozen, parentid, islegacyversion, dagjson, tooltablejson, synced) VALUES (109, false, '2021-12-10 15:16:31.759', '1', NULL, true, '/Dockstore.wdl', '2021-12-10 15:16:31.809', '2021-12-10 15:16:32.282', 'TAG', 3, NULL, NULL, false, 109, true, NULL, '[{"id":"bamstats","file":"/Dockstore.wdl","docker":"quay.io/collaboratory/dockstore-tool-bamstats:1.25-6_1.0","link":"https://quay.io/repository/collaboratory/dockstore-tool-bamstats","specifier":"TAG"}]', false);
INSERT INTO public.workflowversion (id, dirtybit, lastmodified, name, reference, valid, workflowpath, dbcreatedate, dbupdatedate, referencetype, versioneditor_id, commitid, subclass, frozen, parentid, islegacyversion, dagjson, tooltablejson, synced) VALUES (110, false, '2021-12-10 15:16:45.794', '1', NULL, true, '/nextflow.config', '2021-12-10 15:16:50.337', '2021-12-10 15:16:55.924', 'TAG', 3, NULL, NULL, false, 110, true, NULL, '[{"id":"bamstats","file":"main.nf","docker":"quay.io/collaboratory/dockstore-tool-bamstats:1.25-6_1.0","link":"https://quay.io/repository/collaboratory/dockstore-tool-bamstats","specifier":"TAG"}]', false);
INSERT INTO public.workflowversion (id, dirtybit, lastmodified, name, reference, valid, workflowpath, dbcreatedate, dbupdatedate, referencetype, versioneditor_id, commitid, subclass, frozen, parentid, islegacyversion, dagjson, tooltablejson, synced) VALUES (111, false, '2021-12-10 15:17:03.962', '1', NULL, true, '/Dockstore.cwl', '2021-12-10 15:17:03.982', '2021-12-10 15:17:04.394', 'TAG', 3, NULL, NULL, false, 111, true, NULL, '[]', false);
INSERT INTO public.workflowversion (id, dirtybit, lastmodified, name, reference, valid, workflowpath, dbcreatedate, dbupdatedate, referencetype, versioneditor_id, commitid, subclass, frozen, parentid, islegacyversion, dagjson, tooltablejson, synced) VALUES (112, false, '2021-12-10 15:17:17.203', '1', NULL, true, '/Dockstore.wdl', '2021-12-10 15:17:17.251', '2021-12-10 15:17:17.738', 'TAG', 3, NULL, NULL, false, 112, true, NULL, '[{"id":"bamstats","file":"/Dockstore.wdl","docker":"quay.io/collaboratory/dockstore-tool-bamstats:1.25-6_1.0","link":"https://quay.io/repository/collaboratory/dockstore-tool-bamstats","specifier":"TAG"}]', false);
INSERT INTO public.workflowversion (id, dirtybit, lastmodified, name, reference, valid, workflowpath, dbcreatedate, dbupdatedate, referencetype, versioneditor_id, commitid, subclass, frozen, parentid, islegacyversion, dagjson, tooltablejson, synced) VALUES (103, false, '2021-12-10 14:58:04.84', '1', NULL, true, '/Dockstore.wdl', '2021-12-10 14:58:07.764', '2021-12-10 15:29:00.879', 'TAG', 1, NULL, NULL, false, 103, true, NULL, '[{"id":"bamstats","file":"/Dockstore.wdl","docker":"quay.io/collaboratory/dockstore-tool-bamstats:1.25-6_1.0","link":"https://quay.io/repository/collaboratory/dockstore-tool-bamstats","specifier":"TAG"}]', false);
INSERT INTO public.workflowversion (id, dirtybit, lastmodified, name, reference, valid, workflowpath, dbcreatedate, dbupdatedate, referencetype, versioneditor_id, commitid, subclass, frozen, parentid, islegacyversion, dagjson, tooltablejson, synced) VALUES (113, false, '2021-12-10 15:29:00.792', '2', NULL, true, '/Dockstore.wdl', '2021-12-10 15:29:00.852', '2021-12-10 15:29:01.444', 'TAG', 1, NULL, NULL, false, 103, true, NULL, '[{"id":"bamstats","file":"/Dockstore.wdl","docker":"quay.io/collaboratory/dockstore-tool-bamstats:1.25-6_1.0","link":"https://quay.io/repository/collaboratory/dockstore-tool-bamstats","specifier":"TAG"}]', false);
INSERT INTO public.workflowversion (id, dirtybit, lastmodified, name, reference, valid, workflowpath, dbcreatedate, dbupdatedate, referencetype, versioneditor_id, commitid, subclass, frozen, parentid, islegacyversion, dagjson, tooltablejson, synced) VALUES (102, false, '2021-12-10 14:57:42.55', '1', NULL, true, '/Dockstore.cwl', '2021-12-10 14:57:42.698', '2021-12-10 15:31:24.36', 'TAG', 1, NULL, NULL, false, 102, true, NULL, '[]', false);


--
-- Data for Name: workflowversion_alias; Type: TABLE DATA; Schema: public; Owner: dockstore
--



--
-- Name: author_id_seq; Type: SEQUENCE SET; Schema: public; Owner: dockstore
--

SELECT pg_catalog.setval('public.author_id_seq', 15, true);


--
-- Name: cloud_instance_id_seq; Type: SEQUENCE SET; Schema: public; Owner: dockstore
--

SELECT pg_catalog.setval('public.cloud_instance_id_seq', 1, false);


--
-- Name: collection_entry_version_id_seq; Type: SEQUENCE SET; Schema: public; Owner: dockstore
--

SELECT pg_catalog.setval('public.collection_entry_version_id_seq', 2, true);


--
-- Name: collection_id_seq; Type: SEQUENCE SET; Schema: public; Owner: dockstore
--

SELECT pg_catalog.setval('public.collection_id_seq', 2, true);


--
-- Name: container_id_seq; Type: SEQUENCE SET; Schema: public; Owner: dockstore
--

SELECT pg_catalog.setval('public.container_id_seq', 114, true);


--
-- Name: deletedusername_id_seq; Type: SEQUENCE SET; Schema: public; Owner: dockstore
--

SELECT pg_catalog.setval('public.deletedusername_id_seq', 1, false);


--
-- Name: enduser_id_seq; Type: SEQUENCE SET; Schema: public; Owner: dockstore
--

SELECT pg_catalog.setval('public.enduser_id_seq', 2, true);


--
-- Name: event_id_seq; Type: SEQUENCE SET; Schema: public; Owner: dockstore
--

SELECT pg_catalog.setval('public.event_id_seq', 23, true);


--
-- Name: fileformat_id_seq; Type: SEQUENCE SET; Schema: public; Owner: dockstore
--

SELECT pg_catalog.setval('public.fileformat_id_seq', 2, true);


--
-- Name: image_id_seq; Type: SEQUENCE SET; Schema: public; Owner: dockstore
--

SELECT pg_catalog.setval('public.image_id_seq', 1, false);


--
-- Name: label_id_seq; Type: SEQUENCE SET; Schema: public; Owner: dockstore
--

SELECT pg_catalog.setval('public.label_id_seq', 1, false);


--
-- Name: lambdaevent_id_seq; Type: SEQUENCE SET; Schema: public; Owner: dockstore
--

SELECT pg_catalog.setval('public.lambdaevent_id_seq', 1, false);


--
-- Name: notification_id_seq; Type: SEQUENCE SET; Schema: public; Owner: dockstore
--

SELECT pg_catalog.setval('public.notification_id_seq', 1, false);


--
-- Name: orcidauthor_id_seq; Type: SEQUENCE SET; Schema: public; Owner: dockstore
--

SELECT pg_catalog.setval('public.orcidauthor_id_seq', 1, false);


--
-- Name: organization_id_seq; Type: SEQUENCE SET; Schema: public; Owner: dockstore
--

SELECT pg_catalog.setval('public.organization_id_seq', 3, true);


--
-- Name: sourcefile_id_seq; Type: SEQUENCE SET; Schema: public; Owner: dockstore
--

SELECT pg_catalog.setval('public.sourcefile_id_seq', 65, true);


--
-- Name: tag_id_seq; Type: SEQUENCE SET; Schema: public; Owner: dockstore
--

SELECT pg_catalog.setval('public.tag_id_seq', 116, true);


--
-- Name: token_id_seq; Type: SEQUENCE SET; Schema: public; Owner: dockstore
--

SELECT pg_catalog.setval('public.token_id_seq', 10, true);


--
-- Name: validation_id_seq; Type: SEQUENCE SET; Schema: public; Owner: dockstore
--

SELECT pg_catalog.setval('public.validation_id_seq', 33, true);


--
-- Name: entry_alias aliases_are_unique; Type: CONSTRAINT; Schema: public; Owner: dockstore
--

ALTER TABLE ONLY public.entry_alias
    ADD CONSTRAINT aliases_are_unique UNIQUE (alias);


--
-- Name: apptool apptool_pkey; Type: CONSTRAINT; Schema: public; Owner: dockstore
--

ALTER TABLE ONLY public.apptool
    ADD CONSTRAINT apptool_pkey PRIMARY KEY (id);


--
-- Name: author author_pkey; Type: CONSTRAINT; Schema: public; Owner: dockstore
--

ALTER TABLE ONLY public.author
    ADD CONSTRAINT author_pkey PRIMARY KEY (id);


--
-- Name: cloud_instance cloud_instance_pkey; Type: CONSTRAINT; Schema: public; Owner: dockstore
--

ALTER TABLE ONLY public.cloud_instance
    ADD CONSTRAINT cloud_instance_pkey PRIMARY KEY (id);


--
-- Name: cloudinstance_supportedlanguages cloudinstance_supportedlanguages_pkey; Type: CONSTRAINT; Schema: public; Owner: dockstore
--

ALTER TABLE ONLY public.cloudinstance_supportedlanguages
    ADD CONSTRAINT cloudinstance_supportedlanguages_pkey PRIMARY KEY (cloudinstance_id, language);


--
-- Name: collection_alias collection_alias_pkey; Type: CONSTRAINT; Schema: public; Owner: dockstore
--

ALTER TABLE ONLY public.collection_alias
    ADD CONSTRAINT collection_alias_pkey PRIMARY KEY (id, alias);


--
-- Name: collection collection_pkey; Type: CONSTRAINT; Schema: public; Owner: dockstore
--

ALTER TABLE ONLY public.collection
    ADD CONSTRAINT collection_pkey PRIMARY KEY (id);


--
-- Name: deletedusername deletedusername_pkey; Type: CONSTRAINT; Schema: public; Owner: dockstore
--

ALTER TABLE ONLY public.deletedusername
    ADD CONSTRAINT deletedusername_pkey PRIMARY KEY (id);


--
-- Name: enduser enduser_pkey; Type: CONSTRAINT; Schema: public; Owner: dockstore
--

ALTER TABLE ONLY public.enduser
    ADD CONSTRAINT enduser_pkey PRIMARY KEY (id);


--
-- Name: entry_alias entry_alias_pkey; Type: CONSTRAINT; Schema: public; Owner: dockstore
--

ALTER TABLE ONLY public.entry_alias
    ADD CONSTRAINT entry_alias_pkey PRIMARY KEY (id, alias);


--
-- Name: entry_defaultpaths entry_defaultpaths_pkey; Type: CONSTRAINT; Schema: public; Owner: dockstore
--

ALTER TABLE ONLY public.entry_defaultpaths
    ADD CONSTRAINT entry_defaultpaths_pkey PRIMARY KEY (entry_id, filetype);


--
-- Name: entry_input_fileformat entry_input_fileformat_pkey; Type: CONSTRAINT; Schema: public; Owner: dockstore
--

ALTER TABLE ONLY public.entry_input_fileformat
    ADD CONSTRAINT entry_input_fileformat_pkey PRIMARY KEY (entryid, fileformatid);


--
-- Name: entry_label entry_label_pkey; Type: CONSTRAINT; Schema: public; Owner: dockstore
--

ALTER TABLE ONLY public.entry_label
    ADD CONSTRAINT entry_label_pkey PRIMARY KEY (entryid, labelid);


--
-- Name: entry_orcidputcode entry_orcidputcode_pkey; Type: CONSTRAINT; Schema: public; Owner: dockstore
--

ALTER TABLE ONLY public.entry_orcidputcode
    ADD CONSTRAINT entry_orcidputcode_pkey PRIMARY KEY (entry_id, userid);


--
-- Name: entry_output_fileformat entry_output_fileformat_pkey; Type: CONSTRAINT; Schema: public; Owner: dockstore
--

ALTER TABLE ONLY public.entry_output_fileformat
    ADD CONSTRAINT entry_output_fileformat_pkey PRIMARY KEY (entryid, fileformatid);


--
-- Name: entry_version_image entry_version_image_pkey; Type: CONSTRAINT; Schema: public; Owner: dockstore
--

ALTER TABLE ONLY public.entry_version_image
    ADD CONSTRAINT entry_version_image_pkey PRIMARY KEY (versionid, imageid);


--
-- Name: collection_entry_version entry_version_pkey; Type: CONSTRAINT; Schema: public; Owner: dockstore
--

ALTER TABLE ONLY public.collection_entry_version
    ADD CONSTRAINT entry_version_pkey PRIMARY KEY (id);


--
-- Name: event event_pkey; Type: CONSTRAINT; Schema: public; Owner: dockstore
--

ALTER TABLE ONLY public.event
    ADD CONSTRAINT event_pkey PRIMARY KEY (id);


--
-- Name: fileformat fileformat_pkey; Type: CONSTRAINT; Schema: public; Owner: dockstore
--

ALTER TABLE ONLY public.fileformat
    ADD CONSTRAINT fileformat_pkey PRIMARY KEY (id);


--
-- Name: image image_pkey; Type: CONSTRAINT; Schema: public; Owner: dockstore
--

ALTER TABLE ONLY public.image
    ADD CONSTRAINT image_pkey PRIMARY KEY (id);


--
-- Name: label label_pkey; Type: CONSTRAINT; Schema: public; Owner: dockstore
--

ALTER TABLE ONLY public.label
    ADD CONSTRAINT label_pkey PRIMARY KEY (id);


--
-- Name: lambdaevent lambdaevent_pkey; Type: CONSTRAINT; Schema: public; Owner: dockstore
--

ALTER TABLE ONLY public.lambdaevent
    ADD CONSTRAINT lambdaevent_pkey PRIMARY KEY (id);


--
-- Name: notification notification_pkey; Type: CONSTRAINT; Schema: public; Owner: dockstore
--

ALTER TABLE ONLY public.notification
    ADD CONSTRAINT notification_pkey PRIMARY KEY (id);


--
-- Name: orcidauthor orcidauthor_pkey; Type: CONSTRAINT; Schema: public; Owner: dockstore
--

ALTER TABLE ONLY public.orcidauthor
    ADD CONSTRAINT orcidauthor_pkey PRIMARY KEY (id);


--
-- Name: organization organisation_pkey; Type: CONSTRAINT; Schema: public; Owner: dockstore
--

ALTER TABLE ONLY public.organization
    ADD CONSTRAINT organisation_pkey PRIMARY KEY (id);


--
-- Name: organization_user organisationuser_pkey; Type: CONSTRAINT; Schema: public; Owner: dockstore
--

ALTER TABLE ONLY public.organization_user
    ADD CONSTRAINT organisationuser_pkey PRIMARY KEY (organizationid, userid);


--
-- Name: organization_alias organzation_alias_pkey; Type: CONSTRAINT; Schema: public; Owner: dockstore
--

ALTER TABLE ONLY public.organization_alias
    ADD CONSTRAINT organzation_alias_pkey PRIMARY KEY (id, alias);


--
-- Name: databasechangeloglock pk_databasechangeloglock; Type: CONSTRAINT; Schema: public; Owner: dockstore
--

ALTER TABLE ONLY public.databasechangeloglock
    ADD CONSTRAINT pk_databasechangeloglock PRIMARY KEY (id);


--
-- Name: service service_pkey; Type: CONSTRAINT; Schema: public; Owner: dockstore
--

ALTER TABLE ONLY public.service
    ADD CONSTRAINT service_pkey PRIMARY KEY (id);


--
-- Name: sourcefile sourcefile_pkey; Type: CONSTRAINT; Schema: public; Owner: dockstore
--

ALTER TABLE ONLY public.sourcefile
    ADD CONSTRAINT sourcefile_pkey PRIMARY KEY (id);


--
-- Name: sourcefile_verified sourcefile_verified_pkey; Type: CONSTRAINT; Schema: public; Owner: dockstore
--

ALTER TABLE ONLY public.sourcefile_verified
    ADD CONSTRAINT sourcefile_verified_pkey PRIMARY KEY (id, source);


--
-- Name: starred_organizations starred_organizations_pkey; Type: CONSTRAINT; Schema: public; Owner: dockstore
--

ALTER TABLE ONLY public.starred_organizations
    ADD CONSTRAINT starred_organizations_pkey PRIMARY KEY (userid, organizationid);


--
-- Name: starred starred_pkey; Type: CONSTRAINT; Schema: public; Owner: dockstore
--

ALTER TABLE ONLY public.starred
    ADD CONSTRAINT starred_pkey PRIMARY KEY (entryid, userid);


--
-- Name: tag tag_pkey; Type: CONSTRAINT; Schema: public; Owner: dockstore
--

ALTER TABLE ONLY public.tag
    ADD CONSTRAINT tag_pkey PRIMARY KEY (id);


--
-- Name: token token_pkey; Type: CONSTRAINT; Schema: public; Owner: dockstore
--

ALTER TABLE ONLY public.token
    ADD CONSTRAINT token_pkey PRIMARY KEY (id);


--
-- Name: tool tool_pkey; Type: CONSTRAINT; Schema: public; Owner: dockstore
--

ALTER TABLE ONLY public.tool
    ADD CONSTRAINT tool_pkey PRIMARY KEY (id);


--
-- Name: enduser uk_9vcoeu4nuu2ql7fh05mn20ydd; Type: CONSTRAINT; Schema: public; Owner: dockstore
--

ALTER TABLE ONLY public.enduser
    ADD CONSTRAINT uk_9vcoeu4nuu2ql7fh05mn20ydd UNIQUE (username);


--
-- Name: label uk_9xhsn1bsea2csoy3l0gtq41vv; Type: CONSTRAINT; Schema: public; Owner: dockstore
--

ALTER TABLE ONLY public.label
    ADD CONSTRAINT uk_9xhsn1bsea2csoy3l0gtq41vv UNIQUE (value);


--
-- Name: apptool uk_actualdefaultversion_apptool; Type: CONSTRAINT; Schema: public; Owner: dockstore
--

ALTER TABLE ONLY public.apptool
    ADD CONSTRAINT uk_actualdefaultversion_apptool UNIQUE (actualdefaultversion);


--
-- Name: apptool uk_checkerid_apptool; Type: CONSTRAINT; Schema: public; Owner: dockstore
--

ALTER TABLE ONLY public.apptool
    ADD CONSTRAINT uk_checkerid_apptool UNIQUE (checkerid);


--
-- Name: version_sourcefile uk_e2j71kjdot9b8l5qmjw2ve38o; Type: CONSTRAINT; Schema: public; Owner: dockstore
--

ALTER TABLE ONLY public.version_sourcefile
    ADD CONSTRAINT uk_e2j71kjdot9b8l5qmjw2ve38o UNIQUE (sourcefileid);


--
-- Name: entry_version_image uk_imageid; Type: CONSTRAINT; Schema: public; Owner: dockstore
--

ALTER TABLE ONLY public.entry_version_image
    ADD CONSTRAINT uk_imageid UNIQUE (imageid);


--
-- Name: organization uk_orgDisplayName; Type: CONSTRAINT; Schema: public; Owner: dockstore
--

ALTER TABLE ONLY public.organization
    ADD CONSTRAINT "uk_orgDisplayName" UNIQUE (displayname);


--
-- Name: service uk_uniqueServiceCheckerId; Type: CONSTRAINT; Schema: public; Owner: dockstore
--

ALTER TABLE ONLY public.service
    ADD CONSTRAINT "uk_uniqueServiceCheckerId" UNIQUE (checkerid);


--
-- Name: tool uk_uniqueToolCheckerId; Type: CONSTRAINT; Schema: public; Owner: dockstore
--

ALTER TABLE ONLY public.tool
    ADD CONSTRAINT "uk_uniqueToolCheckerId" UNIQUE (checkerid);


--
-- Name: workflow uk_uniqueWorkflowCheckerId; Type: CONSTRAINT; Schema: public; Owner: dockstore
--

ALTER TABLE ONLY public.workflow
    ADD CONSTRAINT "uk_uniqueWorkflowCheckerId" UNIQUE (checkerid);


--
-- Name: version_validation uk_validationid; Type: CONSTRAINT; Schema: public; Owner: dockstore
--

ALTER TABLE ONLY public.version_validation
    ADD CONSTRAINT uk_validationid UNIQUE (validationid);


--
-- Name: tool ukbq5vy17y4ocaist3d3r3imcus; Type: CONSTRAINT; Schema: public; Owner: dockstore
--

ALTER TABLE ONLY public.tool
    ADD CONSTRAINT ukbq5vy17y4ocaist3d3r3imcus UNIQUE (registry, namespace, name, toolname);


--
-- Name: workflow uknlbos7i98icbaql5cyt5bhhy2; Type: CONSTRAINT; Schema: public; Owner: dockstore
--

ALTER TABLE ONLY public.workflow
    ADD CONSTRAINT uknlbos7i98icbaql5cyt5bhhy2 UNIQUE (sourcecontrol, organization, repository, workflowname);


--
-- Name: collection_alias unique_col_aliases; Type: CONSTRAINT; Schema: public; Owner: dockstore
--

ALTER TABLE ONLY public.collection_alias
    ADD CONSTRAINT unique_col_aliases UNIQUE (alias);


--
-- Name: service unique_default_version_service; Type: CONSTRAINT; Schema: public; Owner: dockstore
--

ALTER TABLE ONLY public.service
    ADD CONSTRAINT unique_default_version_service UNIQUE (actualdefaultversion);


--
-- Name: tool unique_default_version_tool; Type: CONSTRAINT; Schema: public; Owner: dockstore
--

ALTER TABLE ONLY public.tool
    ADD CONSTRAINT unique_default_version_tool UNIQUE (actualdefaultversion);


--
-- Name: workflow unique_default_version_workflow; Type: CONSTRAINT; Schema: public; Owner: dockstore
--

ALTER TABLE ONLY public.workflow
    ADD CONSTRAINT unique_default_version_workflow UNIQUE (actualdefaultversion);


--
-- Name: entry_orcidputcode unique_entry_user_orcidputcode; Type: CONSTRAINT; Schema: public; Owner: dockstore
--

ALTER TABLE ONLY public.entry_orcidputcode
    ADD CONSTRAINT unique_entry_user_orcidputcode UNIQUE (entry_id, userid, orcidputcode);


--
-- Name: fileformat unique_fileformat; Type: CONSTRAINT; Schema: public; Owner: dockstore
--

ALTER TABLE ONLY public.fileformat
    ADD CONSTRAINT unique_fileformat UNIQUE (value);


--
-- Name: organization_alias unique_org_aliases; Type: CONSTRAINT; Schema: public; Owner: dockstore
--

ALTER TABLE ONLY public.organization_alias
    ADD CONSTRAINT unique_org_aliases UNIQUE (alias);


--
-- Name: entry_defaultpaths unique_paths; Type: CONSTRAINT; Schema: public; Owner: dockstore
--

ALTER TABLE ONLY public.entry_defaultpaths
    ADD CONSTRAINT unique_paths UNIQUE (entry_id, filetype, path);


--
-- Name: tag unique_tag_names; Type: CONSTRAINT; Schema: public; Owner: dockstore
--

ALTER TABLE ONLY public.tag
    ADD CONSTRAINT unique_tag_names UNIQUE (parentid, name);


--
-- Name: cloud_instance unique_user_instances; Type: CONSTRAINT; Schema: public; Owner: dockstore
--

ALTER TABLE ONLY public.cloud_instance
    ADD CONSTRAINT unique_user_instances UNIQUE (url, user_id, partner);


--
-- Name: version_metadata_orcidputcode unique_version_metadata_user_orcidputcode; Type: CONSTRAINT; Schema: public; Owner: dockstore
--

ALTER TABLE ONLY public.version_metadata_orcidputcode
    ADD CONSTRAINT unique_version_metadata_user_orcidputcode UNIQUE (version_metadata_id, userid, orcidputcode);


--
-- Name: workflowversion unique_workflowversion_names; Type: CONSTRAINT; Schema: public; Owner: dockstore
--

ALTER TABLE ONLY public.workflowversion
    ADD CONSTRAINT unique_workflowversion_names UNIQUE (parentid, name);


--
-- Name: user_entry user_entry_pkey; Type: CONSTRAINT; Schema: public; Owner: dockstore
--

ALTER TABLE ONLY public.user_entry
    ADD CONSTRAINT user_entry_pkey PRIMARY KEY (entryid, userid);


--
-- Name: user_profile user_profile_pkey; Type: CONSTRAINT; Schema: public; Owner: dockstore
--

ALTER TABLE ONLY public.user_profile
    ADD CONSTRAINT user_profile_pkey PRIMARY KEY (id, token_type);


--
-- Name: enduser username_unique; Type: CONSTRAINT; Schema: public; Owner: dockstore
--

ALTER TABLE ONLY public.enduser
    ADD CONSTRAINT username_unique UNIQUE (username);


--
-- Name: validation validation_pkey; Type: CONSTRAINT; Schema: public; Owner: dockstore
--

ALTER TABLE ONLY public.validation
    ADD CONSTRAINT validation_pkey PRIMARY KEY (id);


--
-- Name: version_input_fileformat version_input_fileformat_pkey; Type: CONSTRAINT; Schema: public; Owner: dockstore
--

ALTER TABLE ONLY public.version_input_fileformat
    ADD CONSTRAINT version_input_fileformat_pkey PRIMARY KEY (versionid, fileformatid);


--
-- Name: version_metadata_orcidputcode version_metadata_orcidputcode_pkey; Type: CONSTRAINT; Schema: public; Owner: dockstore
--

ALTER TABLE ONLY public.version_metadata_orcidputcode
    ADD CONSTRAINT version_metadata_orcidputcode_pkey PRIMARY KEY (version_metadata_id, userid);


--
-- Name: version_metadata version_metadata_pkey; Type: CONSTRAINT; Schema: public; Owner: dockstore
--

ALTER TABLE ONLY public.version_metadata
    ADD CONSTRAINT version_metadata_pkey PRIMARY KEY (id);


--
-- Name: version_orcidauthor version_orcidauthor_pkey; Type: CONSTRAINT; Schema: public; Owner: dockstore
--

ALTER TABLE ONLY public.version_orcidauthor
    ADD CONSTRAINT version_orcidauthor_pkey PRIMARY KEY (versionid, orcidauthorid);


--
-- Name: version_output_fileformat version_outputfileformat_pkey; Type: CONSTRAINT; Schema: public; Owner: dockstore
--

ALTER TABLE ONLY public.version_output_fileformat
    ADD CONSTRAINT version_outputfileformat_pkey PRIMARY KEY (versionid, fileformatid);


--
-- Name: version_sourcefile version_sourcefile_pkey; Type: CONSTRAINT; Schema: public; Owner: dockstore
--

ALTER TABLE ONLY public.version_sourcefile
    ADD CONSTRAINT version_sourcefile_pkey PRIMARY KEY (versionid, sourcefileid);


--
-- Name: version_validation version_validation_pkey; Type: CONSTRAINT; Schema: public; Owner: dockstore
--

ALTER TABLE ONLY public.version_validation
    ADD CONSTRAINT version_validation_pkey PRIMARY KEY (versionid, validationid);


--
-- Name: workflow workflow_pkey; Type: CONSTRAINT; Schema: public; Owner: dockstore
--

ALTER TABLE ONLY public.workflow
    ADD CONSTRAINT workflow_pkey PRIMARY KEY (id);


--
-- Name: workflowversion_alias workflow_version_aliases_are_unique; Type: CONSTRAINT; Schema: public; Owner: dockstore
--

ALTER TABLE ONLY public.workflowversion_alias
    ADD CONSTRAINT workflow_version_aliases_are_unique UNIQUE (alias);


--
-- Name: workflowversion_alias workflowversion_alias_pkey; Type: CONSTRAINT; Schema: public; Owner: dockstore
--

ALTER TABLE ONLY public.workflowversion_alias
    ADD CONSTRAINT workflowversion_alias_pkey PRIMARY KEY (id, alias);


--
-- Name: workflowversion workflowversion_pkey; Type: CONSTRAINT; Schema: public; Owner: dockstore
--

ALTER TABLE ONLY public.workflowversion
    ADD CONSTRAINT workflowversion_pkey PRIMARY KEY (id);


--
-- Name: collection_categoryname_index; Type: INDEX; Schema: public; Owner: dockstore
--

CREATE UNIQUE INDEX collection_categoryname_index ON public.collection USING btree (lower((name)::text)) WHERE (((dtype)::text = 'Category'::text) AND (deleted = false));


--
-- Name: collection_displayname_index; Type: INDEX; Schema: public; Owner: dockstore
--

CREATE UNIQUE INDEX collection_displayname_index ON public.collection USING btree (lower((displayname)::text), organizationid) WHERE (NOT deleted);


--
-- Name: collection_name_index; Type: INDEX; Schema: public; Owner: dockstore
--

CREATE UNIQUE INDEX collection_name_index ON public.collection USING btree (lower((name)::text), organizationid) WHERE (NOT deleted);


--
-- Name: full_service_name; Type: INDEX; Schema: public; Owner: dockstore
--

CREATE UNIQUE INDEX full_service_name ON public.service USING btree (sourcecontrol, organization, repository, workflowname) WHERE (workflowname IS NOT NULL);


--
-- Name: full_tool_name; Type: INDEX; Schema: public; Owner: dockstore
--

CREATE UNIQUE INDEX full_tool_name ON public.tool USING btree (registry, namespace, name, toolname) WHERE (toolname IS NOT NULL);


--
-- Name: full_workflow_name; Type: INDEX; Schema: public; Owner: dockstore
--

CREATE UNIQUE INDEX full_workflow_name ON public.workflow USING btree (sourcecontrol, organization, repository, workflowname) WHERE (workflowname IS NOT NULL);


--
-- Name: one_sign_in_method_by_profile; Type: INDEX; Schema: public; Owner: dockstore
--

CREATE UNIQUE INDEX one_sign_in_method_by_profile ON public.user_profile USING btree (onlineprofileid, token_type) WHERE (onlineprofileid IS NOT NULL);


--
-- Name: one_sign_in_method_by_profile_old; Type: INDEX; Schema: public; Owner: dockstore
--

CREATE UNIQUE INDEX one_sign_in_method_by_profile_old ON public.user_profile USING btree (username, token_type) WHERE (onlineprofileid IS NULL);


--
-- Name: one_token_link_per_identify; Type: INDEX; Schema: public; Owner: dockstore
--

CREATE UNIQUE INDEX one_token_link_per_identify ON public.token USING btree (onlineprofileid, tokensource) WHERE (onlineprofileid IS NOT NULL);


--
-- Name: one_token_link_per_identify2; Type: INDEX; Schema: public; Owner: dockstore
--

CREATE UNIQUE INDEX one_token_link_per_identify2 ON public.token USING btree (username, tokensource) WHERE (onlineprofileid IS NULL);


--
-- Name: organization_index; Type: INDEX; Schema: public; Owner: dockstore
--

CREATE INDEX organization_index ON public.lambdaevent USING btree (organization);


--
-- Name: organization_name_index; Type: INDEX; Schema: public; Owner: dockstore
--

CREATE UNIQUE INDEX organization_name_index ON public.organization USING btree (lower((name)::text));


--
-- Name: partial_cloud_instance; Type: INDEX; Schema: public; Owner: dockstore
--

CREATE UNIQUE INDEX partial_cloud_instance ON public.cloud_instance USING btree (url) WHERE (user_id IS NULL);


--
-- Name: partial_service_name; Type: INDEX; Schema: public; Owner: dockstore
--

CREATE UNIQUE INDEX partial_service_name ON public.service USING btree (sourcecontrol, organization, repository) WHERE (workflowname IS NULL);


--
-- Name: partial_tool_name; Type: INDEX; Schema: public; Owner: dockstore
--

CREATE UNIQUE INDEX partial_tool_name ON public.tool USING btree (registry, namespace, name) WHERE (toolname IS NULL);


--
-- Name: partial_workflow_name; Type: INDEX; Schema: public; Owner: dockstore
--

CREATE UNIQUE INDEX partial_workflow_name ON public.workflow USING btree (sourcecontrol, organization, repository) WHERE (workflowname IS NULL);


--
-- Name: profile_by_email; Type: INDEX; Schema: public; Owner: dockstore
--

CREATE INDEX profile_by_email ON public.user_profile USING btree (email);


--
-- Name: profile_by_username; Type: INDEX; Schema: public; Owner: dockstore
--

CREATE INDEX profile_by_username ON public.user_profile USING btree (username);


--
-- Name: unique_collection_entry; Type: INDEX; Schema: public; Owner: dockstore
--

CREATE UNIQUE INDEX unique_collection_entry ON public.collection_entry_version USING btree (collection_id, entry_id) WHERE (version_id IS NULL);


--
-- Name: unique_collection_entry_version; Type: INDEX; Schema: public; Owner: dockstore
--

CREATE UNIQUE INDEX unique_collection_entry_version ON public.collection_entry_version USING btree (collection_id, entry_id, version_id) WHERE (version_id IS NOT NULL);


--
-- Name: user_index; Type: INDEX; Schema: public; Owner: dockstore
--

CREATE INDEX user_index ON public.lambdaevent USING btree (userid);


--
-- Name: event FKInitiatorUserId; Type: FK CONSTRAINT; Schema: public; Owner: dockstore
--

ALTER TABLE ONLY public.event
    ADD CONSTRAINT "FKInitiatorUserId" FOREIGN KEY (initiatoruserid) REFERENCES public.enduser(id);


--
-- Name: event FKToolId; Type: FK CONSTRAINT; Schema: public; Owner: dockstore
--

ALTER TABLE ONLY public.event
    ADD CONSTRAINT "FKToolId" FOREIGN KEY (toolid) REFERENCES public.tool(id);


--
-- Name: event FKUserId; Type: FK CONSTRAINT; Schema: public; Owner: dockstore
--

ALTER TABLE ONLY public.event
    ADD CONSTRAINT "FKUserId" FOREIGN KEY (userid) REFERENCES public.enduser(id);


--
-- Name: event FKWorkflowId; Type: FK CONSTRAINT; Schema: public; Owner: dockstore
--

ALTER TABLE ONLY public.event
    ADD CONSTRAINT "FKWorkflowId" FOREIGN KEY (workflowid) REFERENCES public.workflow(id);


--
-- Name: service checker_workflows_for_services; Type: FK CONSTRAINT; Schema: public; Owner: dockstore
--

ALTER TABLE ONLY public.service
    ADD CONSTRAINT checker_workflows_for_services FOREIGN KEY (checkerid) REFERENCES public.workflow(id);


--
-- Name: event fkOrganisationId; Type: FK CONSTRAINT; Schema: public; Owner: dockstore
--

ALTER TABLE ONLY public.event
    ADD CONSTRAINT "fkOrganisationId" FOREIGN KEY (organizationid) REFERENCES public.organization(id);


--
-- Name: apptool fk_checkerid_apptool; Type: FK CONSTRAINT; Schema: public; Owner: dockstore
--

ALTER TABLE ONLY public.apptool
    ADD CONSTRAINT fk_checkerid_apptool FOREIGN KEY (checkerid) REFERENCES public.workflow(id);


--
-- Name: tool fk_checkerid_with_tool; Type: FK CONSTRAINT; Schema: public; Owner: dockstore
--

ALTER TABLE ONLY public.tool
    ADD CONSTRAINT fk_checkerid_with_tool FOREIGN KEY (checkerid) REFERENCES public.workflow(id);


--
-- Name: workflow fk_checkerid_with_workflow; Type: FK CONSTRAINT; Schema: public; Owner: dockstore
--

ALTER TABLE ONLY public.workflow
    ADD CONSTRAINT fk_checkerid_with_workflow FOREIGN KEY (checkerid) REFERENCES public.workflow(id);


--
-- Name: cloudinstance_supportedlanguages fk_cloudinstance_supportedlanguages; Type: FK CONSTRAINT; Schema: public; Owner: dockstore
--

ALTER TABLE ONLY public.cloudinstance_supportedlanguages
    ADD CONSTRAINT fk_cloudinstance_supportedlanguages FOREIGN KEY (cloudinstance_id) REFERENCES public.cloud_instance(id);


--
-- Name: event fk_collectionIdInEvent; Type: FK CONSTRAINT; Schema: public; Owner: dockstore
--

ALTER TABLE ONLY public.event
    ADD CONSTRAINT "fk_collectionIdInEvent" FOREIGN KEY (collectionid) REFERENCES public.collection(id);


--
-- Name: collection_alias fk_collection_alias; Type: FK CONSTRAINT; Schema: public; Owner: dockstore
--

ALTER TABLE ONLY public.collection_alias
    ADD CONSTRAINT fk_collection_alias FOREIGN KEY (id) REFERENCES public.collection(id);


--
-- Name: collection_entry_version fk_collection_entry_version; Type: FK CONSTRAINT; Schema: public; Owner: dockstore
--

ALTER TABLE ONLY public.collection_entry_version
    ADD CONSTRAINT fk_collection_entry_version FOREIGN KEY (collection_id) REFERENCES public.collection(id);


--
-- Name: apptool fk_defaultversion_apptool; Type: FK CONSTRAINT; Schema: public; Owner: dockstore
--

ALTER TABLE ONLY public.apptool
    ADD CONSTRAINT fk_defaultversion_apptool FOREIGN KEY (actualdefaultversion) REFERENCES public.workflowversion(id);


--
-- Name: cloud_instance fk_end_user_cloud_instance; Type: FK CONSTRAINT; Schema: public; Owner: dockstore
--

ALTER TABLE ONLY public.cloud_instance
    ADD CONSTRAINT fk_end_user_cloud_instance FOREIGN KEY (user_id) REFERENCES public.enduser(id);


--
-- Name: entry_version_image fk_entryVersionImage; Type: FK CONSTRAINT; Schema: public; Owner: dockstore
--

ALTER TABLE ONLY public.entry_version_image
    ADD CONSTRAINT "fk_entryVersionImage" FOREIGN KEY (imageid) REFERENCES public.image(id);


--
-- Name: entry_input_fileformat fk_entry_input_fileformat; Type: FK CONSTRAINT; Schema: public; Owner: dockstore
--

ALTER TABLE ONLY public.entry_input_fileformat
    ADD CONSTRAINT fk_entry_input_fileformat FOREIGN KEY (fileformatid) REFERENCES public.fileformat(id);


--
-- Name: entry_output_fileformat fk_entry_ouput_fileformat; Type: FK CONSTRAINT; Schema: public; Owner: dockstore
--

ALTER TABLE ONLY public.entry_output_fileformat
    ADD CONSTRAINT fk_entry_ouput_fileformat FOREIGN KEY (fileformatid) REFERENCES public.fileformat(id);


--
-- Name: version_input_fileformat fk_fileformatid_with_version_input_fileformat; Type: FK CONSTRAINT; Schema: public; Owner: dockstore
--

ALTER TABLE ONLY public.version_input_fileformat
    ADD CONSTRAINT fk_fileformatid_with_version_input_fileformat FOREIGN KEY (fileformatid) REFERENCES public.fileformat(id);


--
-- Name: version_output_fileformat fk_fileformatid_with_version_output_fileformat; Type: FK CONSTRAINT; Schema: public; Owner: dockstore
--

ALTER TABLE ONLY public.version_output_fileformat
    ADD CONSTRAINT fk_fileformatid_with_version_output_fileformat FOREIGN KEY (fileformatid) REFERENCES public.fileformat(id);


--
-- Name: user_profile fk_id_with_user_profile; Type: FK CONSTRAINT; Schema: public; Owner: dockstore
--

ALTER TABLE ONLY public.user_profile
    ADD CONSTRAINT fk_id_with_user_profile FOREIGN KEY (id) REFERENCES public.enduser(id);


--
-- Name: collection fk_orgIdInCollection; Type: FK CONSTRAINT; Schema: public; Owner: dockstore
--

ALTER TABLE ONLY public.collection
    ADD CONSTRAINT "fk_orgIdInCollection" FOREIGN KEY (organizationid) REFERENCES public.organization(id);


--
-- Name: starred_organizations fk_organizationIdStarredOrganizations; Type: FK CONSTRAINT; Schema: public; Owner: dockstore
--

ALTER TABLE ONLY public.starred_organizations
    ADD CONSTRAINT "fk_organizationIdStarredOrganizations" FOREIGN KEY (organizationid) REFERENCES public.organization(id);


--
-- Name: organization_alias fk_organzation_alias; Type: FK CONSTRAINT; Schema: public; Owner: dockstore
--

ALTER TABLE ONLY public.organization_alias
    ADD CONSTRAINT fk_organzation_alias FOREIGN KEY (id) REFERENCES public.organization(id);


--
-- Name: service fk_service_default_workflowversion; Type: FK CONSTRAINT; Schema: public; Owner: dockstore
--

ALTER TABLE ONLY public.service
    ADD CONSTRAINT fk_service_default_workflowversion FOREIGN KEY (actualdefaultversion) REFERENCES public.workflowversion(id);


--
-- Name: tag fk_tagVersionMetadata; Type: FK CONSTRAINT; Schema: public; Owner: dockstore
--

ALTER TABLE ONLY public.tag
    ADD CONSTRAINT "fk_tagVersionMetadata" FOREIGN KEY (id) REFERENCES public.version_metadata(id) DEFERRABLE INITIALLY DEFERRED;


--
-- Name: tool fk_tool_default_tag; Type: FK CONSTRAINT; Schema: public; Owner: dockstore
--

ALTER TABLE ONLY public.tool
    ADD CONSTRAINT fk_tool_default_tag FOREIGN KEY (actualdefaultversion) REFERENCES public.tag(id);


--
-- Name: starred_organizations fk_userIdStarredOrganizations; Type: FK CONSTRAINT; Schema: public; Owner: dockstore
--

ALTER TABLE ONLY public.starred_organizations
    ADD CONSTRAINT "fk_userIdStarredOrganizations" FOREIGN KEY (userid) REFERENCES public.enduser(id);


--
-- Name: token fk_userid_with_enduser; Type: FK CONSTRAINT; Schema: public; Owner: dockstore
--

ALTER TABLE ONLY public.token
    ADD CONSTRAINT fk_userid_with_enduser FOREIGN KEY (userid) REFERENCES public.enduser(id);


--
-- Name: version_metadata_orcidputcode fk_version_metadata_id_version_metadata_orcidputcode; Type: FK CONSTRAINT; Schema: public; Owner: dockstore
--

ALTER TABLE ONLY public.version_metadata_orcidputcode
    ADD CONSTRAINT fk_version_metadata_id_version_metadata_orcidputcode FOREIGN KEY (version_metadata_id) REFERENCES public.version_metadata(id);


--
-- Name: version_orcidauthor fk_version_orcidauthor; Type: FK CONSTRAINT; Schema: public; Owner: dockstore
--

ALTER TABLE ONLY public.version_orcidauthor
    ADD CONSTRAINT fk_version_orcidauthor FOREIGN KEY (orcidauthorid) REFERENCES public.orcidauthor(id);


--
-- Name: workflowversion fk_workflowVersionMetadata; Type: FK CONSTRAINT; Schema: public; Owner: dockstore
--

ALTER TABLE ONLY public.workflowversion
    ADD CONSTRAINT "fk_workflowVersionMetadata" FOREIGN KEY (id) REFERENCES public.version_metadata(id) DEFERRABLE INITIALLY DEFERRED;


--
-- Name: workflow fk_workflow_default_workflowversion; Type: FK CONSTRAINT; Schema: public; Owner: dockstore
--

ALTER TABLE ONLY public.workflow
    ADD CONSTRAINT fk_workflow_default_workflowversion FOREIGN KEY (actualdefaultversion) REFERENCES public.workflowversion(id);


--
-- Name: workflowversion_alias fk_workflowversion_alias; Type: FK CONSTRAINT; Schema: public; Owner: dockstore
--

ALTER TABLE ONLY public.workflowversion_alias
    ADD CONSTRAINT fk_workflowversion_alias FOREIGN KEY (id) REFERENCES public.workflowversion(id);


--
-- Name: starred fkdcfqiy0arvxmmh5e68ix75gwo; Type: FK CONSTRAINT; Schema: public; Owner: dockstore
--

ALTER TABLE ONLY public.starred
    ADD CONSTRAINT fkdcfqiy0arvxmmh5e68ix75gwo FOREIGN KEY (userid) REFERENCES public.enduser(id);


--
-- Name: lambdaevent fkj387wwrofm9u30t4mwiiwa835; Type: FK CONSTRAINT; Schema: public; Owner: dockstore
--

ALTER TABLE ONLY public.lambdaevent
    ADD CONSTRAINT fkj387wwrofm9u30t4mwiiwa835 FOREIGN KEY (userid) REFERENCES public.enduser(id);


--
-- Name: version_sourcefile fkmby5o476bdwrx07ax2keoyttn; Type: FK CONSTRAINT; Schema: public; Owner: dockstore
--

ALTER TABLE ONLY public.version_sourcefile
    ADD CONSTRAINT fkmby5o476bdwrx07ax2keoyttn FOREIGN KEY (sourcefileid) REFERENCES public.sourcefile(id);


--
-- Name: entry_label fks71c9mk0f98015eqgtyvs0ewp; Type: FK CONSTRAINT; Schema: public; Owner: dockstore
--

ALTER TABLE ONLY public.entry_label
    ADD CONSTRAINT fks71c9mk0f98015eqgtyvs0ewp FOREIGN KEY (labelid) REFERENCES public.label(id);


--
-- Name: version_validation fkvalidationid; Type: FK CONSTRAINT; Schema: public; Owner: dockstore
--

ALTER TABLE ONLY public.version_validation
    ADD CONSTRAINT fkvalidationid FOREIGN KEY (validationid) REFERENCES public.validation(id);


--
-- Name: sourcefile_verified foreign_key; Type: FK CONSTRAINT; Schema: public; Owner: dockstore
--

ALTER TABLE ONLY public.sourcefile_verified
    ADD CONSTRAINT foreign_key FOREIGN KEY (id) REFERENCES public.sourcefile(id);


--
-- Name: organization_user orgFKOrgUser; Type: FK CONSTRAINT; Schema: public; Owner: dockstore
--

ALTER TABLE ONLY public.organization_user
    ADD CONSTRAINT "orgFKOrgUser" FOREIGN KEY (organizationid) REFERENCES public.organization(id);


--
-- Name: tag parentid_constraint; Type: FK CONSTRAINT; Schema: public; Owner: dockstore
--

ALTER TABLE ONLY public.tag
    ADD CONSTRAINT parentid_constraint FOREIGN KEY (parentid) REFERENCES public.tool(id) DEFERRABLE INITIALLY DEFERRED;


--
-- Name: organization_user userFKOrgUser; Type: FK CONSTRAINT; Schema: public; Owner: dockstore
--

ALTER TABLE ONLY public.organization_user
    ADD CONSTRAINT "userFKOrgUser" FOREIGN KEY (userid) REFERENCES public.enduser(id);


--
-- Name: tag versionEditorForTools; Type: FK CONSTRAINT; Schema: public; Owner: dockstore
--

ALTER TABLE ONLY public.tag
    ADD CONSTRAINT "versionEditorForTools" FOREIGN KEY (versioneditor_id) REFERENCES public.enduser(id);


--
-- Name: workflowversion versionEditorForWorkflows; Type: FK CONSTRAINT; Schema: public; Owner: dockstore
--

ALTER TABLE ONLY public.workflowversion
    ADD CONSTRAINT "versionEditorForWorkflows" FOREIGN KEY (versioneditor_id) REFERENCES public.enduser(id);


--
-- Name: parsed_information version_metadata_parsed_information_fk_constraint; Type: FK CONSTRAINT; Schema: public; Owner: dockstore
--

ALTER TABLE ONLY public.parsed_information
    ADD CONSTRAINT version_metadata_parsed_information_fk_constraint FOREIGN KEY (version_metadata_id) REFERENCES public.version_metadata(id);


--
-- Name: sourcefile delete_frozenfiles; Type: POLICY; Schema: public; Owner: dockstore
--

CREATE POLICY delete_frozenfiles ON public.sourcefile FOR DELETE USING ((NOT frozen));


--
-- Name: version_sourcefile delete_frozenfiles; Type: POLICY; Schema: public; Owner: dockstore
--

CREATE POLICY delete_frozenfiles ON public.version_sourcefile FOR DELETE USING ((NOT ( SELECT sf.frozen
   FROM public.sourcefile sf
  WHERE (version_sourcefile.sourcefileid = sf.id))));


--
-- Name: tag delete_frozenversions; Type: POLICY; Schema: public; Owner: dockstore
--

CREATE POLICY delete_frozenversions ON public.tag FOR DELETE USING ((NOT frozen));


--
-- Name: workflowversion delete_frozenversions; Type: POLICY; Schema: public; Owner: dockstore
--

CREATE POLICY delete_frozenversions ON public.workflowversion FOR DELETE USING ((NOT frozen));


--
-- Name: sourcefile insert_frozenfiles; Type: POLICY; Schema: public; Owner: dockstore
--

CREATE POLICY insert_frozenfiles ON public.sourcefile FOR INSERT WITH CHECK (true);


--
-- Name: version_sourcefile insert_frozenfiles; Type: POLICY; Schema: public; Owner: dockstore
--

CREATE POLICY insert_frozenfiles ON public.version_sourcefile FOR INSERT WITH CHECK ((NOT ( SELECT v.frozen
   FROM public.workflowversion v
  WHERE (v.id = version_sourcefile.versionid)
UNION
 SELECT t.frozen
   FROM public.tag t
  WHERE (t.id = version_sourcefile.versionid))));


--
-- Name: tag insert_frozenversions; Type: POLICY; Schema: public; Owner: dockstore
--

CREATE POLICY insert_frozenversions ON public.tag FOR INSERT WITH CHECK (true);


--
-- Name: workflowversion insert_frozenversions; Type: POLICY; Schema: public; Owner: dockstore
--

CREATE POLICY insert_frozenversions ON public.workflowversion FOR INSERT WITH CHECK (true);


--
-- Name: sourcefile select_frozenfiles; Type: POLICY; Schema: public; Owner: dockstore
--

CREATE POLICY select_frozenfiles ON public.sourcefile FOR SELECT USING (true);


--
-- Name: version_sourcefile select_frozenfiles; Type: POLICY; Schema: public; Owner: dockstore
--

CREATE POLICY select_frozenfiles ON public.version_sourcefile FOR SELECT USING (true);


--
-- Name: tag select_frozenversions; Type: POLICY; Schema: public; Owner: dockstore
--

CREATE POLICY select_frozenversions ON public.tag FOR SELECT USING (true);


--
-- Name: workflowversion select_frozenversions; Type: POLICY; Schema: public; Owner: dockstore
--

CREATE POLICY select_frozenversions ON public.workflowversion FOR SELECT USING (true);


--
-- Name: sourcefile; Type: ROW SECURITY; Schema: public; Owner: dockstore
--

ALTER TABLE public.sourcefile ENABLE ROW LEVEL SECURITY;

--
-- Name: tag; Type: ROW SECURITY; Schema: public; Owner: dockstore
--

ALTER TABLE public.tag ENABLE ROW LEVEL SECURITY;

--
-- Name: sourcefile update_frozenfiles; Type: POLICY; Schema: public; Owner: dockstore
--

CREATE POLICY update_frozenfiles ON public.sourcefile FOR UPDATE USING ((NOT frozen)) WITH CHECK (true);


--
-- Name: version_sourcefile update_frozenfiles; Type: POLICY; Schema: public; Owner: dockstore
--

CREATE POLICY update_frozenfiles ON public.version_sourcefile FOR UPDATE USING ((NOT ( SELECT sf.frozen
   FROM public.sourcefile sf
  WHERE (version_sourcefile.sourcefileid = sf.id))));


--
-- Name: tag update_frozenversions; Type: POLICY; Schema: public; Owner: dockstore
--

CREATE POLICY update_frozenversions ON public.tag FOR UPDATE USING ((NOT frozen)) WITH CHECK (true);


--
-- Name: workflowversion update_frozenversions; Type: POLICY; Schema: public; Owner: dockstore
--

CREATE POLICY update_frozenversions ON public.workflowversion FOR UPDATE USING ((NOT frozen)) WITH CHECK (true);


--
-- Name: version_sourcefile; Type: ROW SECURITY; Schema: public; Owner: dockstore
--

ALTER TABLE public.version_sourcefile ENABLE ROW LEVEL SECURITY;

--
-- Name: workflowversion; Type: ROW SECURITY; Schema: public; Owner: dockstore
--

ALTER TABLE public.workflowversion ENABLE ROW LEVEL SECURITY;

--
-- PostgreSQL database dump complete
--

